sentence,relation,head,head_offset,tail,tail_offset
波雅•玛丽戈尔德成为“蛇蛇果实”眼镜王蛇型的能力者,拥有果实,波雅•玛丽戈尔德,0,“蛇蛇果实”眼镜王蛇型,10
青椒就任“八宝水军”第12代栋梁,领导,青椒,0,八宝水军,5
赞高在玻璃球岛的舞蹈竞赛中夺冠,参与,赞高,0,舞蹈竞赛,8
弗兰奇在鱼人岛击败伊卡洛斯,到过,弗兰奇,0,鱼人岛,4
小八因范德·戴肯的能力而受了重伤,战斗,小八,0,范德·戴肯,3
波鲁萨利诺在香波地群岛与雷利交战,战斗,波鲁萨利诺,0,雷利,12
玛格丽特在露斯卡伊那岛为路飞送行,到过,路飞,12,露斯卡伊那岛,5
葛达茨在“神域岛”上的淘汰战中被乔巴打败,参与,乔巴,16,“神域岛”上的淘汰战,4
卡库作为「CP0」在世界会议护卫天龙人,遇见,卡库,0,天龙人,16
罗罗诺亚·索隆进入霜月村的一心道场,到过,罗罗诺亚·索隆,0,霜月村,9
库赞升任海军本部大将,属于,库赞,0,海军本部,4
柯妮丝和兰琪一起开办南瓜咖啡厅,创建,柯妮丝,0,南瓜咖啡厅,10
毕普利·露露与“草帽一伙”及弗兰奇一起进攻司法岛,遇见,毕普利·露露,0,草帽一伙,8
安布里奥•伊万科夫升为革命军干部,担任,安布里奥•伊万科夫,0,革命军干部,11
巴里与“草帽一伙”共同袭击司法岛,到过,巴里,0,司法岛,13
麦哲伦因佩尔大监狱史上第一次令金狮子西奇成功越狱,到过,麦哲伦,0,因佩尔大监狱,3
罗布·路奇将弗兰奇和罗宾押送至司法岛,到过,罗布·路奇,0,司法岛,15
吉萨斯·巴杰斯袭击因佩尔大监狱,到过,吉萨斯·巴杰斯,0,因佩尔大监狱,9
斯摩格见证了哥尔•D•罗杰的处刑,遇见,斯摩格,0,哥尔•D•罗杰,6
萨拉 （Miss. 双手指）被Miss黄金周他们救出海军拘留所,遇见,萨拉 （Miss. 双手指）,0,Miss黄金周,15
缇娜在阿拉巴斯坦追踪“草帽一伙”,到过,缇娜,0,阿拉巴斯坦,3
妮可•奥尔维亚出生于“西海”的奥哈拉,出生地,妮可•奥尔维亚,0,奥哈拉,15
阿巴罗•皮萨罗航向新世界,到过,阿巴罗•皮萨罗,0,新世界,9
麦哲伦成为因佩尔大监狱的署长,担任,麦哲伦,0,署长,12
蒙其·D·路飞吃下“橡胶果实”，成为了橡皮人,拥有果实,蒙其·D·路飞,0,橡胶果实,10
芬布迪和赞高一起再次加入缇娜率领的黑槛部队,遇见,芬布迪,0,赞高,4
枭（猫头鹰）和加布拉、隈取一同执行了上述的计划,遇见,加布拉,7,隈取,11
蒙奇·D·卡普逮捕西奇，将其投入监狱,战斗,蒙奇·D·卡普,0,西奇,9
米琪塔（Miss.情人节）和Miss.黄金周一起救出原来的伙伴,遇见,米琪塔（Miss.情人节）,0,Miss.黄金周,14
布鲁克经过德雷斯罗萨的骚动后，悬赏金提升到了8300万贝里！！,到过,布鲁克,0,德雷斯罗萨,5
霍古巴克让辛朵莉作为僵尸复活,遇见,霍古巴克,0,辛朵莉,5
克罗马利蒙在磁鼓岛之战败于“草帽一伙”,战斗,克罗马利蒙,0,草帽一伙,14
T骨负责护送罗宾等人而乘上海列车,遇见,T骨,0,罗宾,6
卡莉法虽然打倒了山治，但是被娜美击败,战斗,卡莉法,0,娜美,14
波雅•汉库克把负伤的路飞藏匿在女儿岛,到过,路飞,10,女儿岛,15
枭（猫头鹰）和加布拉、隈取一同执行了上述的计划,遇见,枭（猫头鹰）,0,隈取,11
鼯鼠因交换条件而护送汉库克至因佩尔大监狱,到过,汉库克,10,因佩尔大监狱,14
巴吉尔·霍金斯作为“超新星”登陆香波地群岛,属于,巴吉尔·霍金斯,0,超新星,10
加卡伊卡莱姆离队期间，作为队长代理而工作,担任,加卡,0,队长代理,13
克洛克达尔就任“王下七武海”,加入,克洛克达尔,0,王下七武海,8
韦帕支援路飞打败艾尼路,遇见,韦帕,0,路飞,4
卡彭·贝基作为“超新星”登陆香波地群岛,到过,卡彭·贝基,0,香波地群岛,14
亚尔丽塔亚尔丽塔海贼团成立,创建,亚尔丽塔,0,亚尔丽塔海贼团,4
波鲁萨利诺在香波地群岛与雷利交战,到过,雷利,12,香波地群岛,6
毕普利·露露与“草帽一伙”及弗兰奇一起进攻司法岛,到过,弗兰奇,14,司法岛,21
甘·福尔从瓦夷帕的攻击中救下路飞等人,战斗,路飞,14,瓦夷帕,5
战国辞职海军元帅，就任大督察,担任,战国,0,大督察,11
亚马逊成为橡皮圈游乐园的售票员,担任,亚马逊,0,售票员,12
汉尼拔就任因佩尔大监狱副署长,到过,汉尼拔,0,因佩尔大监狱,5
布奇升为黑猫海贼团干部,担任,布奇,0,干部,9
克利克进入“伟大航路”,到过,克利克,0,伟大航路,6
布鲁克就任某王国护卫战团团长,领导,布鲁克,0,护卫战团,8
爱莎成为诺拉蹦极的球云配送员,属于,爱莎,0,诺拉蹦极,4
巴吉尔·霍金斯与基德、阿普结成海贼同盟,同盟,基德,8,阿普,11
贝尔梅尔离开村子，加入海军,加入,贝尔梅尔,0,海军,11
汉尼拔阻止路飞等人越狱,遇见,汉尼拔,0,路飞,5
贝拉米在魔谷镇遇到路飞，被击败,到过,贝拉米,0,魔谷镇,4
加尔帝诺（Mr.3）因想抓住东利和布洛基而被路飞打败,遇见,加尔帝诺（Mr.3）,0,东利,14
马尔科和香克斯一起吊唁白胡子和艾斯,遇见,香克斯,4,艾斯,15
西尔巴斯·雷利邂逅哥尔·D·罗杰,遇见,西尔巴斯·雷利,0,哥尔·D·罗杰,9
战国辞职海军元帅，就任大督察,辞任,战国,0,元帅,6
诺琪高在“东海”欧伊科特王国被贝尔梅尔捡到,到过,诺琪高,0,欧伊科特王国,8
蒙布朗·诺兰度返回卢布尼尔王国，将“黄金乡”报告给国王(*“四百年前”为估算),到过,蒙布朗·诺兰度,0,卢布尼尔王国,9
蒙布朗·库利凯支援草帽一伙前往空岛,遇见,蒙布朗·库利凯,0,草帽一伙,9
啾退出太阳海贼团，所属于恶龙派阀,属于,啾,0,恶龙派阀,12
布拉哈姆加入神之护卫队,加入,布拉哈姆,0,神之护卫队,6
罗罗诺亚·索隆被路飞招募，加入草帽一伙,加入,罗罗诺亚·索隆,0,草帽一伙,15
维多利亚•辛朵莉由“影影果实”的能力作为士兵僵尸苏生,担任,维多利亚•辛朵莉,0,士兵僵尸,20
罗布·路奇将弗兰奇和罗宾押送至司法岛,到过,罗宾,10,司法岛,15
乌索普乌索普海贼团成立,创建,乌索普,0,乌索普海贼团,3
库洛卡斯从伦巴海贼团手中接管拉布,遇见,库洛卡斯,0,伦巴海贼团,5
强尼为了追回娜美和索隆•乌索普一同前往恶龙公园,遇见,强尼,0,乌索普,12
布洛基在小花园开始与东利的决斗,战斗,布洛基,0,东利,10
拉基·路在风车村停泊,到过,拉基·路,0,风车村,5
基维被动加入弗兰奇一家,加入,基维,0,弗兰奇一家,6
佩罗娜被打飞到希凯阿尔王国遗迹,到过,佩罗娜,0,希凯阿尔王国遗迹,7
鹤和卡普、战国等人同时期加入海军,加入,鹤,0,海军,14
克托力成为艾尼路的部下,部下,艾尼路,5,克托力,0
葛达茨掉到“青海”，遇到了挖洞人五郎,到过,五郎,16,青海,6
基拉成为“超新星”中的一员,属于,基拉,0,超新星,5
蒙奇•D•龙成为路飞的父亲,父亲,路飞,8,蒙奇•D•龙,0
本萨姆（Mr.2·冯·克雷）在休假岛再次与缇娜战斗被捕,战斗,本萨姆（Mr.2·冯·克雷）,0,缇娜,21
弗兰奇在鱼人岛击败伊卡洛斯,战斗,弗兰奇,0,伊卡洛斯,9
波鲁萨利诺晋升为海军大将,担任,波鲁萨利诺,0,大将,10
巴吉尔·霍金斯在“新世界”歼灭茶胡子海贼团,到过,巴吉尔·霍金斯,0,新世界,9
月光•莫利亚在和之国和凯多战斗败北,到过,凯多,11,和之国,7
赞拜成为弗兰奇一家的一员,属于,赞拜,0,弗兰奇一家,4
约瑟夫在可可亚西村开始打渔生涯,到过,约瑟夫,0,可可亚西村,4
可雅克拉巴特尔成为管家,担任,克拉巴特尔,2,管家,9
希留成为因佩尔大监狱的看守长,担任,希留,0,看守长,11
小萨蒂单相思新任副署长麦哲伦,遇见,小萨蒂,0,麦哲伦,11
帕帕古成为Criminal Brand公司的社长兼设计师,担任,帕帕古,0,社长,22
山治经历过司法岛的战斗，赏金7千700万贝里!,到过,山治,0,司法岛,5
本·贝克曼成为红发海贼团副船长,担任,本·贝克曼,0,副船长,12
蒙奇·D·卡普将路飞托付给达旦养育,遇见,蒙奇·D·卡普,0,路飞,8
赞高由流浪舞者转为海贼,担任,赞高,0,流浪舞者,3
奥兹尸体在冰之国被莫利亚回收,遇见,奥兹,0,莫利亚,9
乔艾莉·波妮邦妮海贼团成立,创建,乔艾莉·波妮,0,邦妮海贼团,6
克利克袭击芭拉蒂,战斗,克利克,0,芭拉蒂,5
杰姆（Mr.5）和原巴洛克工作室的伙伴们一起开了新蜘蛛人咖啡店,创建,杰姆（Mr.5）,0,新蜘蛛人咖啡店,24
娜美在“东海”欧伊科特王国被贝尔梅尔捡到,遇见,娜美,0,贝尔梅尔,14
乔兹参战了断之战,参与,乔兹,0,了断之战,4
恶龙把“东海”可可亚西村附近划为自己的地盘,到过,恶龙,0,东海,4
乔艾莉·波妮败于黑胡子，被萨卡斯基抓捕,战斗,乔艾莉·波妮,0,萨卡斯基,13
龙马和索隆交战后转让秋水,战斗,龙马,0,索隆,3
恶龙因为甚平加入七武海特赦出狱,加入,甚平,4,七武海,8
卡特琳娜•戴彭航向新世界,到过,卡特琳娜•戴彭,0,新世界,9
韦帕支援路飞打败艾尼路,战斗,韦帕,0,艾尼路,8
贝波和罗，夏其，佩金相遇,遇见,罗,3,夏其,5
葛达茨和艾尼路他们一起袭击Skypea,到过,葛达茨,0,Skypea,13
妮可·罗宾巴洛克工作室解散后，加入“草帽一伙”,离开,妮可·罗宾,0,巴洛克工作室,5
迪巴鲁被海军追捕,战斗,迪巴鲁,0,海军,4
赞高在阿拉巴斯坦王国再会”草帽一伙”,遇见,赞高,0,草帽一伙,13
甘·福尔从瓦夷帕的攻击中救下路飞等人,遇见,甘·福尔,0,路飞,14
乔兹加入白胡子海贼团,加入,乔兹,0,白胡子海贼团,4
爱莎在“神之岛”生存战中与路飞共同行动,参与,爱莎,0,“神之岛”生存战,3
奈菲鲁塔丽•薇薇卧底巴洛克工作室,属于,奈菲鲁塔丽•薇薇,0,巴洛克工作室,10
毒Q乱入顶上战争，参加杀害“白胡子”,参与,毒Q,0,顶上战争,4
巴里进入卡雷拉公司工作,加入,巴里,0,卡雷拉公司,4
罗布·路奇成为1号船坞的工头,属于,罗布·路奇,0,1号船坞,7
罗罗诺亚·索隆在司法岛上活跃，悬赏金涨至1亿2000万贝里,到过,罗罗诺亚·索隆,0,司法岛,8
夏洛特•罗拉交给娜美Big•Mom的生命卡,遇见,夏洛特•罗拉,0,娜美,8
鼯鼠参加司法岛的屠魔令,到过,鼯鼠,0,司法岛,4
贝拉米在德雷斯罗萨再度和路飞战斗，被击败,到过,贝拉米,0,德雷斯罗萨,4
哥尔·D·罗杰在爱特·沃尔海战中与西奇激烈冲突,参与,哥尔·D·罗杰,0,爱特·沃尔海战,8
卡彭·贝基与戚风结婚，令其怀上贝茨,夫妻,卡彭·贝基,0,戚风,6
夏琪（芍姨）将路飞等人引见给雷利,遇见,夏琪（芍姨）,0,雷利,14
瓦波尔邪恶暗黑磁鼓王国建国,创建,瓦波尔,0,邪恶暗黑磁鼓王国,3
山治与路飞邂逅，作为厨师加入”草帽一伙”,加入,山治,0,草帽一伙,15
贝波参加顶上战争,参与,贝波,0,顶上战争,4
哲夫和山治在海上遇难，失去一只脚,遇见,哲夫,0,山治,3
布兰纽在会议中讨论路飞袭击海军本部这件事,战斗,路飞,9,海军本部,13
布鲁诺救出路奇,遇见,布鲁诺,0,路奇,5
Dr.古蕾娃和多尔顿同行去了“世界会议”,遇见,Dr.古蕾娃,0,多尔顿,7
基拉成功和霍金斯海贼团，广播海贼团结成同盟,同盟,基拉,0,广播海贼团,12
卡莉法潜入卡雷拉公司、成为冰山的秘书,担任,卡莉法,0,秘书,16
巴里就任卡雷拉公司一号船坞的“索具、船帆”职长,担任,巴里,0,“索具、船帆”职长,14
加尔帝诺（Mr.3）逃出阿拉巴斯坦却又被缇娜逮捕,战斗,加尔帝诺（Mr.3）,0,缇娜,20
青椒把八宝水军栋梁的位置让给老蔡后隐居,属于,老蔡,14,八宝水军,3
哥尔·D·罗杰在爱特·沃尔海战中与西奇激烈冲突,战斗,哥尔·D·罗杰,0,西奇,17
拉布在“西海”与伦巴海贼团相遇,到过,拉布,0,西海,4
佩罗娜小时候被莫利亚收养,遇见,佩罗娜,0,莫利亚,7
葛达茨成为了“大意温泉”的堂主,领导,葛达茨,0,大意温泉,7
齐蒙尼担任周日限定的西夫特车站站长工作,担任,齐蒙尼,0,站长,15
山姆升为黑猫海贼团干部,属于,山姆,0,黑猫海贼团,4
帕鲁经由阿金之手，遭遇完全败北,遇见,帕鲁,0,阿金,4
托尼托尼·乔巴成为“人人果实”的能力者,拥有果实,托尼托尼·乔巴,0,人人果实,10
波雅•汉库克将路飞送至香波地群岛,遇见,波雅•汉库克,0,路飞,7
加卡作为护卫参加“世界会议”,担任,加卡,0,护卫,4
诺琪高在“东海”欧伊科特王国被贝尔梅尔捡到,到过,贝尔梅尔,15,东海,5
杰利参加护送罗宾的任务,遇见,杰利,0,罗宾,6
莎德利成为艾尼路的部下,部下,艾尼路,5,莎德利,0
青椒在与卡普的战斗中败北，失去“锥头”,战斗,青椒,0,卡普,4
尤斯塔斯·基德与基拉一起成立基德海贼团,加入,尤斯塔斯·基德,0,基德海贼团,14
芬布迪和赞高一起再次加入缇娜率领的黑槛部队,遇见,芬布迪,0,缇娜,12
波鲁萨利诺将恶龙送进监狱,遇见,波鲁萨利诺,0,恶龙,6
哈格瓦尔•D•萨乌罗与屠魔令抗争，击沉了6艘海军军舰,战斗,哈格瓦尔•D•萨乌罗,0,海军,22
卡西被海军逮捕，成为司法岛的守门人,担任,卡西,0,守门人,14
摩奇&利基被路飞打败,战斗,摩奇&利基,0,路飞,6
山治与路飞邂逅，作为厨师加入”草帽一伙”,遇见,山治,0,路飞,3
比斯塔加入白胡子海贼团,加入,比斯塔,0,白胡子海贼团,5
爱德华•纽盖特参加顶上战争，战死,参与,爱德华•纽盖特,0,顶上战争,9
查尔罗斯圣参加香波地群岛的人类拍卖会,到过,查尔罗斯圣,0,香波地群岛,7
甚平在尼普顿军中担任要职,属于,甚平,0,尼普顿军,3
齐蒙尼担任周日限定的西夫特车站站长工作,领导,齐蒙尼,0,西夫特车站,10
鹤在飞燕岛参加对多弗朗明戈的抓捕作战,到过,多弗朗明戈,8,飞燕岛,2
睫毛和路飞一起努力保护阿拉巴斯坦王国,遇见,睫毛,0,路飞,3
贝尔去泡了糊涂温泉,到过,贝尔,0,糊涂温泉,5
克利克回到“东海”,到过,克利克,0,东海,6
奈菲鲁塔丽•薇薇从克洛克达尔手中夺回阿拉巴斯坦,遇见,奈菲鲁塔丽•薇薇,0,克洛克达尔,9
安布里奥•伊万科夫在因佩尔大监狱成立新人类乐园,创建,安布里奥•伊万科夫,0,新人类乐园,18
波雅•汉库克被人贩子绑架，卖给了天龙人,遇见,波雅•汉库克,0,天龙人,16
欧伊莫被海军逮捕，成为司法岛的守门人,担任,欧伊莫,0,守门人,15
杰利在空手道岛成为拳击冠军,到过,杰利,0,空手道岛,3
马歇尔·D·蒂奇袭击推进城，让希流等人成为同伙,到过,马歇尔·D·蒂奇,0,推进城,10
佩罗娜成为动物僵尸•吓人僵尸的指挥官,担任,佩罗娜,0,指挥官,15
库赞与妮可·罗宾再会,遇见,库赞,0,妮可·罗宾,3
和平主义者开始量产以熊(PX-0)为原型的“试作品”,遇见,和平主义者,0,熊,10
妮可•奥尔维亚出生于“西海”的奥哈拉,出生地,妮可•奥尔维亚,0,西海,11
弗兰奇建造千阳号,建造,弗兰奇,0,千阳号,5
亚马逊成为空岛“天国之门”的监视官,担任,亚马逊,0,监视官,14
闪电在顶上战争协助路飞,参与,路飞,9,顶上战争,3
达斯琪就任上士,担任,达斯琪,0,上士,5
乌索普在Water Seven暂时离开”草帽一伙”,到过,乌索普,0,Water Seven,4
布鲁克许下了再次相会的誓言，在双子岬和拉布分别,到过,布鲁克,0,双子岬,15
妮可•奥尔维亚被海军抓捕，但通过萨龙得以逃狱,遇见,妮可•奥尔维亚,0,萨龙,16
达斯琪加入海军,加入,达斯琪,0,海军,5
贝拉米在魔谷镇遇到路飞，被击败,遇见,贝拉米,0,路飞,9
葛达茨和五郎一起挖出了温泉,遇见,葛达茨,0,五郎,4
达兹·波尼斯 (Mr.1)和克洛克达尔一起去往“新世界”,到过,达兹·波尼斯 (Mr.1),0,新世界,24
约瑟夫和索隆重逢，一同前往巴拉蒂,到过,约瑟夫,0,巴拉蒂,13
泰尔斯通与“草帽一伙”一起进攻司法岛,遇见,泰尔斯通,0,草帽一伙,6
巴索罗缪•熊成为革命军干部,担任,巴索罗缪•熊,0,革命军干部,8
赞拜遇见弗兰奇,遇见,赞拜,0,弗兰奇,4
毒Q乱入顶上战争，参加杀害“白胡子”,参与,白胡子,14,顶上战争,4
波鲁萨利诺加入海军,加入,波鲁萨利诺,0,海军,7
瓦波尔即位为磁鼓王国国王,担任,瓦波尔,0,国王,10
萨鲁戴斯就任看守长兼蓝猩猩指挥官,担任,萨鲁戴斯,0,看守长,6
本·贝克曼与西格一伙交战，并将其击溃,战斗,本·贝克曼,0,西格,6
卡尔加拉成为香狄亚的战士,属于,卡尔加拉,0,香狄亚,6
布鲁诺将弗兰奇和罗宾押送至司法岛,遇见,弗兰奇,4,罗宾,8
卡尔加拉与妻子生下穆丝,父亲,穆丝,9,卡尔加拉,0
芬布迪就任海军本部大尉,担任,芬布迪,0,大尉,9
卡尔加拉杀死卡西神(*「400年前」是约数),战斗,卡尔加拉,0,卡西神,6
鼯鼠参战顶上战争,参与,鼯鼠,0,顶上战争,4
贝拉米在魔谷镇遇到路飞，被击败,战斗,贝拉米,0,路飞,9
艾尼路发现了古代都市“毕尔卡”的壁画,到过,艾尼路,0,古代都市“毕尔卡”,6
布鲁克因黄泉果实的能力复活,拥有果实,布鲁克,0,黄泉果实,4
捷宝加入神之护卫队,加入,捷宝,0,神之护卫队,4
多萝菲（Miss.圣诞快乐）在Miss.黄金周等人的帮助下，从海军拘留所逃出,到过,Miss.黄金周,15,海军拘留所,31
圣胡安•恶狼在蒂奇的指引下从因佩尔监狱逃脱,到过,圣胡安•恶狼,0,因佩尔监狱,14
修罗和艾尼路一起袭击Skypea,到过,修罗,0,Skypea,10
山姆被索隆击败,战斗,山姆,0,索隆,3
托尼托尼·乔巴被路飞招募，加入草帽一伙,加入,托尼托尼·乔巴,0,草帽一伙,15
福克西因为被发现了携带凶器而失去拳击手执照,辞任,福克西,0,拳击手,16
内罗被路奇制裁,战斗,内罗,0,路奇,3
加卡指挥国王军迎击叛乱军,战斗,加卡,0,叛乱军,9
西尔巴斯·雷利成为蒙奇·D·路飞的老师,老师,蒙奇·D·路飞,9,西尔巴斯·雷利,0
米琪塔（Miss.情人节）成为巴洛克工作室高级特务,担任,米琪塔（Miss.情人节）,0,高级特务,21
克罗欧比支配“东海”可可亚西村附近一带,到过,克罗欧比,0,东海,7
斯摩格拒绝了因为讨伐克洛克达尔而颁发的勋章,战斗,斯摩格,0,克洛克达尔,10
加尔帝诺（Mr.3）从因佩尔大监狱越狱，协助路飞营救艾斯,遇见,加尔帝诺（Mr.3）,0,路飞,22
妮可·罗宾接受了克洛克达尔的邀请加入了巴洛克工作室！！,加入,妮可·罗宾,0,巴洛克工作室,19
乌索普再次加入草帽一伙,加入,乌索普,0,草帽一伙,7
毕普利·露露成为1号船坞领班,担任,毕普利·露露,0,领班,12
乌索普乌索普海贼团解散，加入”草帽一伙”,离开,乌索普,0,乌索普海贼团,3
西格以东海为根据地，开始山贼生涯,属于,西格,0,山贼,12
加卡加入阿拉巴斯坦王国护卫队,加入,加卡,0,阿拉巴斯坦王国护卫队,4
萨拉 （Miss. 双手指）被Miss黄金周他们救出海军拘留所,到过,Miss黄金周,15,海军拘留所,26
加布拉成为CP9的谍报成员,属于,加布拉,0,CP9,5
萨拉 （Miss. 双手指）被Miss黄金周他们救出海军拘留所,到过,萨拉 （Miss. 双手指）,0,海军拘留所,26
米琪塔（Miss.情人节）在休假岛遇到缇娜「追捕残党」,到过,米琪塔（Miss.情人节）,0,休假岛,14
山治和哲夫一起开了海上餐厅芭拉蒂,创建,哲夫,3,芭拉蒂,13
维多利亚•辛朵莉作为舞台女演员在博得了国民级的人气,担任,维多利亚•辛朵莉,0,舞台女演员,10
山姆升为黑猫海贼团干部,担任,山姆,0,干部,9
马歇尔·D·蒂奇在巴那罗岛抓到艾斯，成为“王下七武海”,属于,马歇尔·D·蒂奇,0,王下七武海,21
达斯琪开始管理G-5，之后升任上校,领导,达斯琪,0,G-5,7
毒Q在加亚岛追击路飞,到过,毒Q,0,加亚岛,3
月光•莫利亚顶上战争结束后，被从“七武海”中除名,参与,月光•莫利亚,0,顶上战争,6
巴斯克•乔特因为蒂奇而从因佩尔越狱,到过,巴斯克•乔特,0,因佩尔,12
波雅•桑达索尼娅败于路飞,战斗,波雅•桑达索尼娅,0,路飞,10
查尔罗斯圣被缪斯加尔德圣揍,战斗,查尔罗斯圣,0,缪斯加尔德圣,6
小奥兹.Jr加入白胡子海贼团麾下,加入,小奥兹.Jr,0,白胡子海贼团,8
斯潘达因策划暗杀逃跑中的路奇,战斗,斯潘达因,0,路奇,12
克伊娜与索隆使用真剑决战，胜利,战斗,克伊娜,0,索隆,4
东利遇见路飞等人，失去爱用的武器,遇见,东利,0,路飞,4
杰姆（Mr.5）和原巴洛克工作室的伙伴们一起开了新蜘蛛人咖啡店,属于,杰姆（Mr.5）,0,巴洛克工作室,10
弗兰奇加入草帽一伙！！,加入,弗兰奇,0,草帽一伙,5
拉琪参加“神之岛”生存战,参与,拉琪,0,“神之岛”生存战,4
米琪塔（Miss.情人节）在休假岛遇到缇娜「追捕残党」,遇见,米琪塔（Miss.情人节）,0,缇娜,19
恶龙败给“草帽一伙”，恶龙乐园被摧毁,到过,恶龙,0,恶龙乐园,11
赫拉克勒斯和乌索普相遇,遇见,赫拉克勒斯,0,乌索普,6
汤姆被CP5逼迫交出设计图,遇见,汤姆,0,CP5,3
雅索普加入红发海贼团,加入,雅索普,0,红发海贼团,5
玛莉安（Miss.黄金周）和原巴洛克工作室的伙伴们一起开了新蜘蛛人咖啡店,创建,玛莉安（Miss.黄金周）,0,新蜘蛛人咖啡店,29
库赞在庞克哈萨德营救了斯摩格,到过,斯摩格,11,庞克哈萨德,3
娜美养母贝尔梅尔被杀,母亲,娜美,0,贝尔梅尔,4
弗兰奇在船匠汤姆的门下学习,担任,汤姆,6,船匠,4
巴吉尔·霍金斯与基德、阿普结成海贼同盟,同盟,巴吉尔·霍金斯,0,基德,8
斯摩格加入海军,加入,斯摩格,0,海军,5
鼯鼠为了召集“七武海”而前去迎接汉库克,遇见,鼯鼠,0,汉库克,16
娜美离开恶龙麾下，正式加入草帽一伙,离开,娜美,0,恶龙麾下,4
泰尔斯通与巴利等人一起完成了2号海上列车的建造,遇见,泰尔斯通,0,巴利,5
罗布·路奇成为1号船坞的工头,担任,罗布·路奇,0,工头,12
夏洛特•罗拉影子被莫利亚夺走，被软禁在恐怖三桅帆船,到过,莫利亚,9,恐怖三桅帆船,19
毕普利·露露与巴利等人一起完成了2号海上列车的建造,遇见,毕普利·露露,0,巴利,7
娜美离开恶龙麾下，正式加入草帽一伙,加入,娜美,0,草帽一伙,13
罗布·路奇在故乡的村子击退追击的海军,战斗,罗布·路奇,0,海军,16
欧伊莫加入巨兵海贼团,加入,欧伊莫,0,巨兵海贼团,5
布鲁克作为船上的音乐家和剑士加入伦巴海贼团,担任,布鲁克,0,音乐家,8
修罗败于韦柏，在“神之岛”生存战中战败,参与,韦柏,4,“神之岛”生存战,8
波雅•玛丽戈尔德趁着费雪•泰格解放奴隶的机会逃走,遇见,波雅•玛丽戈尔德,0,费雪•泰格,10
加尔帝诺（Mr.3）因想抓住东利和布洛基而被路飞打败,战斗,加尔帝诺（Mr.3）,0,路飞,22
卡莉法潜入卡雷拉公司、成为冰山的秘书,遇见,卡莉法,0,冰山,13
蒙布朗·库利凯作为海贼船的船长而出海,担任,蒙布朗·库利凯,0,船长,13
乌索普再次加入”草帽一伙”,加入,乌索普,0,草帽一伙,8
特拉法尔加·罗加入堂吉诃德家族,加入,特拉法尔加·罗,0,堂吉诃德家族,9
赫拉克勒斯将乌索普送到香波地群岛,遇见,赫拉克勒斯,0,乌索普,6
罗罗诺亚·索隆在威士忌峰打赏金猎人，百人斩,战斗,罗罗诺亚·索隆,0,赏金猎人,13
赫拉克勒斯目送“草帽一伙”起航,遇见,赫拉克勒斯,0,草帽一伙,8
娜美在“东海”欧伊科特王国被贝尔梅尔捡到,到过,娜美,0,欧伊科特王国,7
西尔巴斯·雷利成立罗杰海贼团,创建,西尔巴斯·雷利,0,罗杰海贼团,9
查多罗斯•希格利格斯放弃海贼生涯，成为凯撒的部下,担任,查多罗斯•希格利格斯,0,凯撒的部下,19
卡库被世界政府追捕，逃往圣波布拉,到过,卡库,0,圣波布拉,12
马尔科在顶上战争试图救回艾斯,参与,马尔科,0,顶上战争,4
卡莉法将弗兰奇和罗宾押送至司法岛,遇见,弗兰奇,4,罗宾,8
捷宝败于神兵长雅玛,战斗,捷宝,0,雅玛,7
贝波成为悬赏500贝里的通缉犯，闷闷不乐！！,担任,贝波,0,通缉犯,12
波雅•桑达索尼娅成为“蛇蛇果实”森蚺型的能力者,拥有果实,波雅•桑达索尼娅,0,“蛇蛇果实”森蚺型,10
玛格丽特为路飞说话而被汉库克石化,遇见,玛格丽特,0,路飞,5
玛琪诺与红发海贼团和路飞相遇,遇见,玛琪诺,0,路飞,10
斯摩格开始管理G-5，之后升任中将,领导,斯摩格,0,G-5,7
蒙其·D·路飞被香克斯托付了那顶草帽,遇见,蒙其·D·路飞,0,香克斯,8
凯米：与帕帕古相遇,遇见,凯米,0,帕帕古,4
Dr.古蕾娃目送乔巴出海,遇见,Dr.古蕾娃,0,乔巴,8
布洛基在小花园开始与东利的决斗,到过,东利,10,小花园,4
哈格瓦尔•D•萨乌罗漂流到“西海”的奥哈拉，与罗宾相遇,到过,哈格瓦尔•D•萨乌罗,0,奥哈拉,18
基拉和基德一起度过童年,遇见,基拉,0,基德,3
迪巴鲁为了寻找“草帽一伙”而成立绑架集团,创建,迪巴鲁,0,绑架集团,16
本萨姆（Mr.2·冯·克雷）做梅里号的诱饵，与缇娜的“黑槛部队”交战,战斗,本萨姆（Mr.2·冯·克雷）,0,黑槛部队,27
特拉法尔加·罗成立红心海贼团,创建,特拉法尔加·罗,0,红心海贼团,9
托尼托尼·乔巴成为“草帽一伙”的船医,担任,托尼托尼·乔巴,0,船医,16
巴吉尔·霍金斯作为“超新星”登陆香波地群岛,到过,巴吉尔·霍金斯,0,香波地群岛,16
睫毛志愿加入超级快跑鸭部队,加入,睫毛,0,超级快跑鸭部队,6
拉基·路保管的橡胶果实被路飞吃了,遇见,路飞,12,拉基·路,0
斯潘达姆就任CP5主管,领导,斯潘达姆,0,CP5,6
基拉成功和霍金斯海贼团，广播海贼团结成同盟,同盟,基拉,0,霍金斯海贼团,5
贝鲁梅伯顺带跟克比一起加入海军,加入,贝鲁梅伯,0,海军,13
尤斯塔斯·基德与阿普和霍金斯一起结成海贼同盟,同盟,尤斯塔斯·基德,0,霍金斯,11
基拉到达“新世界”,到过,基拉,0,新世界,5
小萨蒂单相思新任副署长麦哲伦,担任,麦哲伦,11,副署长,8
强尼为了追回娜美和索隆•乌索普一同前往恶龙公园,遇见,娜美,6,乌索普,12
奈菲鲁塔莉•寇布拉带着年幼的薇薇出席“世界会议”,遇见,奈菲鲁塔莉•寇布拉,0,薇薇,14
布鲁克加入草帽一伙！！,加入,布鲁克,0,草帽一伙,5
战国出战艾特·沃尔海战,参与,战国,0,艾特·沃尔海战,4
艾尼路毁灭故乡•毕尔卡,出生地,艾尼路,0,毕尔卡,8
娜美在空岛维沙利亚学习天候科学,到过,娜美,0,维沙利亚,5
多尔顿就任磁鼓王国守备队队长,担任,多尔顿,0,队长,12
特拉法尔加·罗经过德雷斯罗萨一战，悬赏金额涨到5亿贝里！！,到过,特拉法尔加·罗,0,德雷斯罗萨,9
甚平辞去太阳海贼团•船长一职，明确表明加入“草帽一伙”,离开,甚平,0,太阳海贼团,4
治五郎被莫利亚吸走影子,遇见,治五郎,0,莫利亚,4
卡马奇力和葛达茨•欧姆•修罗交战负伤,战斗,卡马奇力,0,修罗,12
赫拉克勒斯传授给乌索普Pop Green的知识,老师,乌索普,8,赫拉克勒斯,0
克比参加顶上战争,参与,克比,0,顶上战争,4
唐吉诃德•多弗朗明哥成为线线果实的能力者，杀害父亲霍名古圣,拥有果实,唐吉诃德•多弗朗明哥,0,线线果实,12
贝波和罗，夏其，佩金相遇,遇见,贝波,0,罗,3
巴吉尔·霍金斯在“新世界”歼灭茶胡子海贼团,战斗,巴吉尔·霍金斯,0,茶胡子海贼团,15
甘·福尔重新登上神位,担任,甘·福尔,0,神位,8
克托力和艾尼路他们一起袭击Skypea,到过,克托力,0,Skypea,13
乔拉可尔·米霍克加入“王下七武海”,加入,乔拉可尔·米霍克,0,王下七武海,11
毕普利·露露与“草帽一伙”及弗兰奇一起进攻司法岛,到过,毕普利·露露,0,司法岛,21
多尔顿挑战归来的瓦波尔一伙，战败,战斗,多尔顿,0,瓦波尔一伙,8
克利克遭遇米霍克攻击，舰队全灭,战斗,克利克,0,米霍克,5
卡巴吉在次任船长宝座的争斗之中被利基击败,战斗,卡巴吉,0,利基,16
山治离开芭拉蒂，加入草帽一伙,加入,山治,0,草帽一伙,10
希留加入黑胡子海贼团,加入,希留,0,黑胡子海贼团,4
萨卡斯基晋升为海军元帅,担任,萨卡斯基,0,元帅,9
鼯鼠就任海军GL第1支部（G1）的基地长,担任,鼯鼠,0,基地长,17
布洛基遇见路飞等人，失去爱用的武器,遇见,布洛基,0,路飞,5
奈菲鲁塔莉•寇布拉即位阿拉巴斯坦王国国王,领导,奈菲鲁塔莉•寇布拉,0,阿拉巴斯坦王国,11
圣胡安•恶狼被收押进因佩尔大监狱,到过,圣胡安•恶狼,0,因佩尔大监狱,10
巴斯卡比尔在司法岛和草帽一伙交战,到过,巴斯卡比尔,0,司法岛,6
内罗加入CP9,加入,内罗,0,CP9,4
夏琪（芍姨）将路飞等人引见给雷利,遇见,路飞,7,雷利,14
摩奇&利基与巴基汇合,遇见,摩奇&利基,0,巴基,6
可雅和乌索普相遇,遇见,可雅,0,乌索普,3
奥兹把国家连岛一起搬回去，建立了恶棍之国,创建,奥兹,0,恶棍之国,16
加尔帝诺（Mr.3）成为巴洛克工作室高级特务,担任,加尔帝诺（Mr.3）,0,高级特务,18
阿金加入克利克海贼团,加入,阿金,0,克利克海贼团,4
托尼托尼•乔巴因为西尔尔克的死而立志成为医生,担任,托尼托尼•乔巴,0,医生,20
多尔顿成为磁鼓岛民间护卫团的团长,担任,多尔顿,0,团长,14
东利在小花园开始与布洛基的决斗,到过,东利,0,小花园,3
阿巴罗•皮萨罗因为蒂奇而从因佩尔越狱,到过,阿巴罗•皮萨罗,0,因佩尔,13
韦帕参加“神之岛”生存战,参与,韦帕,0,“神之岛”生存战,4
马尔科在顶上战争试图救回艾斯,参与,艾斯,12,顶上战争,4
范·奥卡在加雅追踪向着空岛进发的路飞等人,到过,路飞,16,加雅,5
弗兰奇制造出了千阳号,建造,弗兰奇,0,千阳号,7
蒙其·D·路飞与艾斯、萨波相遇,遇见,艾斯,8,萨波,11
人猿七、八年前拜访库利凯的居所,遇见,人猿,0,库利凯,9
吉萨斯·巴杰斯确认革命军本部方位、和同伴们一起袭击并破坏本部,到过,吉萨斯·巴杰斯,0,革命军本部,9
布鲁克因为黄泉果实的能力而复活,拥有果实,布鲁克,0,黄泉果实,5
佩罗娜照顾同样被打飞过来的索隆,遇见,佩罗娜,0,索隆,13
娜美在“东海”欧伊科特王国被贝尔梅尔捡到,到过,贝尔梅尔,14,欧伊科特王国,7
约瑟夫恶龙乐园崩塌后，与“草帽一伙”告别,到过,约瑟夫,0,恶龙乐园,3
多萝菲（Miss.圣诞快乐）和原巴洛克工作室的伙伴们一起开了新蜘蛛人咖啡店,创建,多萝菲（Miss.圣诞快乐）,0,新蜘蛛人咖啡店,30
库赞升任海军本部大将,担任,库赞,0,大将,8
蒙其·D·路飞与艾斯、萨波相遇,遇见,蒙其·D·路飞,0,艾斯,8
瓦波尔被黑胡子海贼团追杀，抛弃国家,战斗,瓦波尔,0,黑胡子海贼团,4
雅索普在西罗布村与香克斯相遇,到过,雅索普,0,西罗布村,4
偎取败于乔巴,战斗,偎取,0,乔巴,4
麦哲伦因佩尔大监狱史上第一次令金狮子西奇成功越狱,到过,金狮子西奇,15,因佩尔大监狱,3
克洛成为可雅家的管家,担任,克洛,0,管家,8
巴基参加顶上战争,参与,巴基,0,顶上战争,4
娜美加入恶龙一伙,加入,娜美,0,恶龙一伙,4
拉琪和柯妮斯一起在南瓜咖啡店工作,遇见,拉琪,0,柯妮斯,3
罗布·路奇成为CP9的谍报成员,属于,罗布·路奇,0,CP9,7
维多利亚•辛朵莉出生于贵族家庭,属于,维多利亚•辛朵莉,0,贵族家庭,11
玛莉安（Miss.黄金周）成为巴洛克工作室高级特务,担任,玛莉安（Miss.黄金周）,0,高级特务,21
恶龙成为悬赏2000万贝里的通缉犯,担任,恶龙,0,通缉犯,14
毒Q成为黑胡子海贼团九号船船长,担任,毒Q,0,船长,13
罗兹瓦德圣在“世界会议”带着身为奴隶的大熊行走,担任,大熊,19,奴隶,16
萨卡斯基晋升为海军元帅,属于,萨卡斯基,0,海军,7
东利在小花园开始与布洛基的决斗,遇见,东利,0,布洛基,9
尤斯塔斯·基德与基拉一起成立基德海贼团,遇见,尤斯塔斯·基德,0,基拉,8
赞高参战顶上战争,参与,赞高,0,顶上战争,4
甘·福尔和香迪亚的谈判决裂,遇见,甘·福尔,0,香迪亚,5
娜美和路飞等人相遇,遇见,娜美,0,路飞,3
本萨姆（Mr.2·冯·克雷）在推进城和人妖王伊万科夫相遇,遇见,本萨姆（Mr.2·冯·克雷）,0,人妖王伊万科夫,19
特拉法尔加·罗加入“王下七武海”,加入,特拉法尔加·罗,0,王下七武海,10
罗布·路奇在“世界会议”护卫天龙人,遇见,罗布·路奇,0,天龙人,14
夏琪（芍姨）将路飞等人引见给雷利,遇见,夏琪（芍姨）,0,路飞,7
欧姆和艾尼路他们一起袭击Skypea,遇见,欧姆,0,艾尼路,3
贝鲁梅伯升为中士,担任,贝鲁梅伯,0,中士,6
贝波成为红心海贼团的航海士,属于,贝波,0,红心海贼团,4
希留成为黑胡子海贼团第二队队长,领导,希留,0,黑胡子海贼团第二队,4
克罗欧比支配“东海”可可亚西村附近一带,到过,克罗欧比,0,可可亚西村,10
拉琪出生于山迪亚，被当作战士培养,出生地,拉琪,0,山迪亚,5
萨奇斯出生在“北海”诺提斯,出生地,萨奇斯,0,“北海”诺提斯,6
鹤和卡普、战国等人同时期加入海军,加入,卡普,2,海军,14
恶龙被父亲抛弃到鱼人街,到过,恶龙,0,鱼人街,8
本萨姆（Mr.2·冯·克雷）成为巴洛克工作室高级特务,担任,本萨姆（Mr.2·冯·克雷）,0,高级特务,22
卡莉法虽然打倒了山治，但是被娜美击败,战斗,卡莉法,0,山治,8
鹤就任中将,担任,鹤,0,中将,3
打碟音·阿普和基德，霍金斯结称成海贼同盟,遇见,打碟音·阿普,0,霍金斯,10
枭（猫头鹰）成为CP9的谍报成员,属于,枭（猫头鹰）,0,CP9,8
柯妮丝艾尼路逃往月球，空岛解放,到过,艾尼路,3,月球,8
月光•莫利亚构筑巨大的海贼船恐怖三桅帆船,建造,月光•莫利亚,0,海贼船恐怖三桅帆船,11
加尔帝诺（Mr.3）从因佩尔大监狱越狱，协助路飞营救艾斯,到过,加尔帝诺（Mr.3）,0,因佩尔大监狱,11
芬布迪在巴拉蒂餐厅受到山治的攻击,到过,芬布迪,0,巴拉蒂餐厅,4
打碟音·阿普到达香波地诸岛,到过,打碟音·阿普,0,香波地诸岛,8
波雅•汉库克将路飞送至香波地群岛,到过,波雅•汉库克,0,香波地群岛,11
阿健直面迎击恶龙一伙，全身受了重伤,战斗,阿健,0,恶龙一伙,6
杰斯因为黑胡子海贼团的袭击，逃亡海外,遇见,杰斯,0,黑胡子海贼团,4
哈格瓦尔•D•萨乌罗让罗宾逃走，被库赞讨伐,战斗,哈格瓦尔•D•萨乌罗,0,库赞,17
帕帕古和小八一起在章鱼烧店工作,加入,小八,4,章鱼烧店,9
加布拉成为CP9的谍报成员,担任,加布拉,0,谍报成员,9
波雅•汉库克成为九蛇海贼团的船长，加盟“王下七武海”,担任,波雅•汉库克,0,船长,14
卡库作为「CP0」在世界会议护卫天龙人,属于,卡库,0,CP0,5
巴基被路飞击败，打飞到远方,战斗,巴基,0,路飞,3
龙马斩杀和之国都城上空出现的龙,到过,龙马,0,和之国,4
查多罗斯•希格利格斯被霍金斯打败，失去双腿,战斗,查多罗斯•希格利格斯,0,霍金斯,11
妮可•奥尔维亚与罗宾再会,遇见,妮可•奥尔维亚,0,罗宾,8
萨奇斯在魔谷镇败于路飞等人,到过,路飞,9,魔谷镇,4
拉菲特潜入玛丽乔亚的海军集会,到过,拉菲特,0,玛丽乔亚,5
本·贝克曼加入红发海贼团,加入,本·贝克曼,0,红发海贼团,7
可可罗因为仰慕汤姆而从鱼人岛来到Water Seven,到过,可可罗,0,鱼人岛,11
缇娜在休假岛抓获Mr. 2和Mr. 3,到过,Mr. 2,8,休假岛,3
卡库吃下长颈鹿形态的牛牛果实,拥有果实,卡库,0,长颈鹿形态的牛牛果实,4
枭（猫头鹰）成为CP9的谍报成员,担任,枭（猫头鹰）,0,谍报成员,12
诺琪高在“东海”欧伊科特王国被贝尔梅尔捡到,到过,诺琪高,0,东海,5
酋长与甘•福尔一起制定南瓜特产计划,遇见,酋长,0,甘•福尔,3
赞高克洛离开海贼团，升为黑猫海贼团船长,担任,克洛,2,船长,17
月光•莫利亚成为3亿2000万的悬赏犯,担任,月光•莫利亚,0,悬赏犯,16
库洛卡斯从伦巴海贼团手中接管拉布,遇见,拉布,14,伦巴海贼团,5
唐吉诃德•多弗朗明哥作为天龙人在圣地玛丽乔亚出生,属于,唐吉诃德•多弗朗明哥,0,天龙人,12
乔艾莉·波妮在“南海”出生,出生地,乔艾莉·波妮,0,南海,8
圣胡安•恶狼在巨人族村落诞生,出生地,圣胡安•恶狼,0,巨人族村落,7
罗布·路奇在“世界会议”护卫天龙人,参与,罗布·路奇,0,世界会议,7
酋长成为香狄亚的酋长,领导,酋长,0,香狄亚,4
萨奇斯成为悬赏3800万贝里的赏金犯,担任,萨奇斯,0,赏金犯,15
山治从蛋糕岛逃脱后，悬赏金涨至3亿3000万贝里！,到过,山治,0,蛋糕岛,3
弗兰奇在船匠汤姆的门下学习,老师,弗兰奇,0,汤姆,6
蒙奇·D·卡普将克比和贝鲁梅伯收为部下,部下,蒙奇·D·卡普,0,贝鲁梅伯,11
波雅•玛丽戈尔德将路飞送至香波地群岛,遇见,波雅•玛丽戈尔德,0,路飞,9
赞拜从乌索普处抢走2亿贝里,遇见,赞拜,0,乌索普,3
小萨蒂和越狱众人交战，败于伊万科夫,战斗,小萨蒂,0,伊万科夫,13
战国向萨乌罗下达歼灭奥哈拉的任务,遇见,战国,0,萨乌罗,3
赞高加入”世界会议”的护卫队,加入,赞高,0,”世界会议”的护卫队,4
波特卡斯•D•艾斯败于白胡子海贼团,战斗,波特卡斯•D•艾斯,0,白胡子海贼团,11
乔艾莉·波妮败于黑胡子，被萨卡斯基抓捕,战斗,乔艾莉·波妮,0,黑胡子,8
哈格瓦尔•D•萨乌罗成为海军中将,担任,哈格瓦尔•D•萨乌罗,0,中将,14
蒙奇·D·卡普被罗杰托付了艾斯,遇见,蒙奇·D·卡普,0,罗杰,8
卡尔加拉飞上空岛，与神的军团作战,战斗,卡尔加拉,0,神的军团,10
凯米和小八一起在章鱼烧店工作,遇见,凯米,0,小八,3
波雅•桑达索尼娅受到雷利、夏琪和咋婆婆的保护,遇见,夏琪,13,咋婆婆,16
汉尼拔被黑胡子造成了濒死的重伤,战斗,汉尼拔,0,黑胡子,4
耕四郎开设一心道场,创建,耕四郎,0,一心道场,5
布洛基成为“巨兵海贼团”的船长,领导,布洛基,0,巨兵海贼团,6
查多罗斯•希格利格斯占领了原白胡子地盘的福德瓦尔天,到过,查多罗斯•希格利格斯,0,福德瓦尔天,20
库洛卡斯成为双子岬的灯塔管理员,担任,库洛卡斯,0,灯塔管理员,10
缇娜升任为少将,担任,缇娜,0,少将,5
蒙其·D·路飞德雷斯罗萨的战斗结束后，悬赏金涨至5亿贝里！,到过,蒙其·D·路飞,0,德雷斯罗萨,7
山治和哲夫一起开了海上餐厅芭拉蒂,遇见,山治,0,哲夫,3
卡尔涅与克利克海贼团交战,战斗,卡尔涅,0,克利克海贼团,4
老鼠加入海军,加入,老鼠,0,海军,4
本萨姆（Mr.2·冯·克雷）做梅里号的诱饵，与缇娜的“黑槛部队”交战,战斗,本萨姆（Mr.2·冯·克雷）,0,缇娜,23
卡彭·贝基支配“西海”的地下社会,领导,卡彭·贝基,0,“西海”的地下社会,7
哈格瓦尔•D•萨乌罗漂流到“西海”的奥哈拉，与罗宾相遇,到过,哈格瓦尔•D•萨乌罗,0,西海,14
T骨晋衔为海军本部上校,担任,T骨,0,上校,9
可可罗协助汤姆建造罗杰海贼团的船,遇见,可可罗,0,汤姆,5
Dr.古蕾娃和多尔顿同行去了“世界会议”,参与,多尔顿,7,世界会议,15
乔艾莉·波妮突入新世界,到过,乔艾莉·波妮,0,新世界,8
韦帕击破神官修罗,担任,修罗,6,神官,4
尤斯塔斯·基德败于凯多，被囚禁,战斗,尤斯塔斯·基德,0,凯多,9
库洛卡斯从伦巴海贼团手中接管拉布,遇见,库洛卡斯,0,拉布,14
罗布·路奇将弗兰奇和罗宾押送至司法岛,遇见,弗兰奇,6,罗宾,10
卡尔加拉成为香狄亚的战士,担任,卡尔加拉,0,战士,10
斯潘达因为了寻找对于“历史本文”的研究的证据而前往奥哈拉,到过,斯潘达因,0,奥哈拉,25
妮可·罗宾经过司法岛一役，悬赏金涨到了8000万贝里！！,到过,妮可·罗宾,0,司法岛,7
战国推荐库赞接任元帅,遇见,战国,0,库赞,4
贝尔作为护卫参加“世界会议”,参与,贝尔,0,世界会议,9
马歇尔·D·蒂奇在加亚岛遇到路飞,遇见,马歇尔·D·蒂奇,0,路飞,14
斯摩格开始管理G-5，之后升任中将,担任,斯摩格,0,中将,15
达斯琪参加阿拉巴斯坦的战斗,到过,达斯琪,0,阿拉巴斯坦,5
恶龙把“东海”可可亚西村附近划为自己的地盘,到过,恶龙,0,可可亚西村,7
汉尼拔晋升为因佩尔大监狱署长,到过,汉尼拔,0,因佩尔大监狱,6
妮可·罗宾巴洛克工作室被击败，加入“草帽一伙”！,离开,妮可·罗宾,0,巴洛克工作室,5
妮可·罗宾接受了克洛克达尔的邀请加入了巴洛克工作室！！,遇见,妮可·罗宾,0,克洛克达尔,8
拉布和“草帽一伙”相遇,遇见,拉布,0,草帽一伙,4
布鲁诺因任务而成为Water 7的酒吧店主,担任,布鲁诺,0,店主,19
打碟音·阿普遇到凯多，之后加入其麾下！？,遇见,打碟音·阿普,0,凯多,8
弗兰奇建立弗兰奇一家,创建,弗兰奇,0,弗兰奇一家,5
乔艾莉·波妮潜入圣地“玛丽乔亚”,到过,乔艾莉·波妮,0,圣地“玛丽乔亚”,8
萨鲁戴斯就任看守长兼蓝猩猩指挥官,担任,萨鲁戴斯,0,蓝猩猩指挥官,10
克比加入海军，打杂,加入,克比,0,海军,4
甘·福尔从瓦夷帕的攻击中救下路飞等人,战斗,甘·福尔,0,瓦夷帕,5
阿布萨罗姆和霍古巴克一同救出莫利亚,遇见,霍古巴克,6,莫利亚,14
寇沙任命薇薇为“砂砂团”的副首领,担任,薇薇,4,副首领,13
赞高克洛离开海贼团，升为黑猫海贼团船长,领导,克洛,2,黑猫海贼团,12
山治离开芭拉蒂，加入草帽一伙,离开,山治,0,芭拉蒂,4
卡特琳娜•戴彭被关进因佩尔大监狱,到过,卡特琳娜•戴彭,0,因佩尔大监狱,10
本萨姆（Mr.2·冯·克雷）成为新人妖乐园的新女王,领导,本萨姆（Mr.2·冯·克雷）,0,新人妖乐园,16
贝尔梅尔带着娜美和诺琪高一起回到故乡,遇见,娜美,6,诺琪高,9
罗布·路奇被安上任务失败的责任，遭到海军追捕,战斗,罗布·路奇,0,海军,18
缇娜在阿拉巴斯坦追踪“草帽一伙”,遇见,缇娜,0,草帽一伙,11
查尔罗斯圣在圣地“玛丽乔亚”下令捕获白星,到过,查尔罗斯圣,0,圣地“玛丽乔亚”,6
加卡伊卡莱姆离队期间，作为队长代理而工作,遇见,加卡,0,伊卡莱姆,2
布奇加入黑猫海贼团,加入,布奇,0,黑猫海贼团,4
乌尔基到达“新世界”,到过,乌尔基,0,新世界,6
杰斯成立医生20，同时狩猎医生,创建,杰斯,0,医生20,4
本·贝克曼在风车村停泊,到过,本·贝克曼,0,风车村,6
闪电被关进因佩尔大监狱LV5,到过,闪电,0,因佩尔大监狱,5
多尔顿同去参加“世界会议”，遇到了薇薇,参与,薇薇,17,世界会议,8
多尔顿因为黑胡子海贼团的关系，磁鼓王国灭国,遇见,多尔顿,0,黑胡子海贼团,5
旺泽参加护送罗宾的任务、担任海列车的厨师长,遇见,旺泽,0,罗宾,6
马尔科和香克斯一起吊唁白胡子和艾斯,遇见,马尔科,0,白胡子,11
波特卡斯•D•艾斯加入白胡子海贼团，之后成为2番队队长,加入,波特卡斯•D•艾斯,0,白胡子海贼团,11
卡特琳娜•戴彭参加顶上战争,参与,卡特琳娜•戴彭,0,顶上战争,9
哥尔·D·罗杰在爱特·沃尔海战中与西奇激烈冲突,参与,西奇,17,爱特·沃尔海战,8
老鼠和恶龙勾结,遇见,老鼠,0,恶龙,3
摩兹与“草帽一伙”突击司法岛,到过,摩兹,0,司法岛,11
卡尔加拉飞上空岛，与神的军团作战,到过,卡尔加拉,0,空岛,6
斯摩格升职为准将,担任,斯摩格,0,准将,6
青椒败给路飞，却也重获了“锥头”,战斗,青椒,0,路飞,4
吉萨斯·巴杰斯在加雅追踪向着空岛进发的路飞等人,到过,路飞,19,加雅,8
夏洛特•罗拉影子被莫利亚夺走，被软禁在恐怖三桅帆船,遇见,夏洛特•罗拉,0,莫利亚,9
摩奇&利基加入巴基海贼团,加入,摩奇&利基,0,巴基海贼团,7
库洛卡斯作为罗杰海贼团的船医随行,担任,库洛卡斯,0,船医,12
波雅•玛丽戈尔德受到雷利、夏琪和咋婆婆的保护,遇见,雷利,10,咋婆婆,16
弗兰奇在庞克哈萨德击败Baby 5和巴法罗,战斗,弗兰奇,0,Baby 5,11
罗罗诺亚·索隆德雷斯罗萨一战结束后，悬赏金涨至3亿2000万贝里,到过,罗罗诺亚·索隆,0,德雷斯罗萨,7
蒙奇·D·卡普将克比和贝鲁梅伯收为部下,部下,蒙奇·D·卡普,0,克比,8
卡马奇力和甘•福尔交涉决裂,遇见,卡马奇力,0,甘•福尔,5
布鲁诺将弗兰奇和罗宾押送至司法岛,到过,弗兰奇,4,司法岛,13
卡马奇力和葛达茨•欧姆•修罗交战负伤,战斗,卡马奇力,0,欧姆,9
圣胡安•恶狼进入新世界,到过,圣胡安•恶狼,0,新世界,8
马歇尔·D·蒂奇在巴那罗岛抓到艾斯，成为“王下七武海”,到过,艾斯,15,巴那罗岛,9
多尔顿就任磁鼓王国守备队队长,属于,多尔顿,0,磁鼓王国守备队,5
强尼照看约瑟夫时受到路飞等人的炮击,遇见,强尼,0,约瑟夫,4
凯米被马可罗一伙绑架,遇见,凯米,0,马可罗一伙,3
杰姆（Mr.5）成为巴洛克工作室高级特务,属于,杰姆（Mr.5）,0,巴洛克工作室,10
布奇被索隆击败,战斗,布奇,0,索隆,3
夏尔莉亚宫遭到“草帽一伙”袭击,战斗,夏尔莉亚宫,0,草帽一伙,8
安布里奥•伊万科夫从因佩尔大监狱逃脱,到过,安布里奥•伊万科夫,0,因佩尔大监狱,10
马歇尔·D·蒂奇成为四皇,属于,马歇尔·D·蒂奇,0,四皇,10
赞拜为弗兰奇的出航送行,遇见,赞拜,0,弗兰奇,3
范·奥卡袭击因佩尔大监狱,到过,范·奥卡,0,因佩尔大监狱,6
比斯塔担任第5队队长,担任,比斯塔,0,队长,8
龙马被莫利亚变成将军僵尸,担任,龙马,0,将军僵尸,8
哲夫厨师海贼团起航,属于,哲夫,0,厨师海贼团,2
柯妮丝和兰琪一起开办南瓜咖啡厅,遇见,柯妮丝,0,兰琪,4
妮可·罗宾巴洛克工作室解散后，加入“草帽一伙”,加入,妮可·罗宾,0,草帽一伙,18
毒Q成为黑胡子海贼团九号船船长,领导,毒Q,0,黑胡子海贼团九号船,4
贝拉米向空岛进发，失去伙伴,到过,贝拉米,0,空岛,4
罗兹瓦德圣在“世界会议”带着身为奴隶的大熊行走,遇见,罗兹瓦德圣,0,大熊,19
加尔帝诺（Mr.3）成为巴洛克工作室高级特务,属于,加尔帝诺（Mr.3）,0,巴洛克工作室,12
托尼托尼·乔巴在托里诺王国研习药学,到过,托尼托尼·乔巴,0,托里诺王国,8
范·奥卡闯入顶上战争，参与杀害“白胡子”,战斗,范·奥卡,0,白胡子,16
欧伊莫回到艾尔巴夫,到过,欧伊莫,0,艾尔巴夫,5
一本松遇见索隆，将雪走托付给他,遇见,一本松,0,索隆,5
伊卡莱姆担任阿拉巴斯坦的护卫队队长,担任,伊卡莱姆,0,护卫队队长,12
巴索罗缪•熊成为天龙人的租赁奴隶,担任,巴索罗缪•熊,0,租赁奴隶,12
马歇尔·D·蒂奇乱入顶上战争，杀害“白胡子”,战斗,马歇尔·D·蒂奇,0,白胡子,18
库洛卡斯称霸“伟大航路”,到过,库洛卡斯,0,伟大航路,7
偎取被世界政府追捕，逃往圣波布拉,到过,偎取,0,圣波布拉,12
强尼为了追回娜美和索隆•乌索普一同前往恶龙公园,到过,强尼,0,恶龙公园,19
布鲁诺因任务而成为Water 7的酒吧店主,领导,布鲁诺,0,Water 7的酒吧,9
雅玛在“神域岛”与香狄亚人参与了生存淘汰赛,到过,雅玛,0,神域岛,4
旺泽所属于CP7,属于,旺泽,0,CP7,5
卡马奇力败于艾尼路,战斗,卡马奇力,0,艾尼路,6
杰利在空手道岛出生,出生地,杰利,0,空手道岛,3
达兹·波尼斯 (Mr.1)作为赏金猎人在“西海”出名,属于,达兹·波尼斯 (Mr.1),0,赏金猎人,15
巴索罗缪•熊在香波地诸岛帮助草帽一伙逃跑,遇见,巴索罗缪•熊,0,草帽一伙,14
波雅•汉库克成为“甜甜果实”的能力者,拥有果实,波雅•汉库克,0,甜甜果实,9
蒙奇•D•龙和同志们一起成立“革命军”,创建,蒙奇•D•龙,0,革命军,15
克洛克达尔从推进城越狱，参加顶上战争,到过,克洛克达尔,0,推进城,6
芬布迪参战顶上战争,参与,芬布迪,0,顶上战争,5
斯库亚德加入白胡子海贼团麾下,加入,斯库亚德,0,白胡子海贼团,6
罗布·路奇为了任务而潜入卡雷拉公司,属于,罗布·路奇,0,卡雷拉公司,12
圣胡安•恶狼在蒂奇的指引下从因佩尔监狱逃脱,遇见,圣胡安•恶狼,0,蒂奇,7
霍托力和艾尼路他们一起袭击Skypea,到过,艾尼路,4,Skypea,13
乔艾莉·波妮从世界政府手中逃亡,战斗,乔艾莉·波妮,0,世界政府,7
萨卡斯基参战顶上战争,参与,萨卡斯基,0,顶上战争,6
约瑟夫和索隆重逢，一同前往巴拉蒂,遇见,约瑟夫,0,索隆,4
唐吉诃德•多弗朗明哥与路飞、罗交战落败,遇见,路飞,11,罗,14
克罗马利蒙靠“吞吞工厂”与杰斯合体,遇见,克罗马利蒙,0,杰斯,13
罗布·路奇为了夺取冥王的设计图而袭击冰山,战斗,罗布·路奇,0,冰山,18
欧伊莫被海军逮捕，成为司法岛的守门人,战斗,欧伊莫,0,海军,4
杰斯靠“吞吞工厂”与克罗马利蒙合体,遇见,杰斯,0,克罗马利蒙,10
萨卡斯基和库赞对决并取得胜利,战斗,萨卡斯基,0,库赞,5
冰山成为汤姆的弟子,老师,冰山,0,汤姆,4
贝波和罗，夏其，佩金相遇,遇见,罗,3,佩金,8
缇娜参战顶上战争,参与,缇娜,0,顶上战争,4
玛莉安（Miss.黄金周）潜入海军拘留所，救出原巴洛克工作室的伙伴,到过,玛莉安（Miss.黄金周）,0,海军拘留所,15
Dr.西尔尔克与乔巴相遇,遇见,Dr.西尔尔克,0,乔巴,8
霍古巴克不小心告诉了布鲁克僵尸的弱点,遇见,霍古巴克,0,布鲁克,10
甘·福尔和罗杰成为好友,遇见,甘·福尔,0,罗杰,5
波雅•玛丽戈尔德和雷利再会,遇见,波雅•玛丽戈尔德,0,雷利,9
哈雷达斯人工空岛维萨利亚建成,到过,哈雷达斯,0,维萨利亚,8
玛格丽特为路飞说话而被汉库克石化,遇见,玛格丽特,0,汉库克,11
库赞见证奥哈拉的毁灭、让妮可·罗宾逃跑,到过,妮可·罗宾,12,奥哈拉,4
乌尔基成为悬赏1亿800万贝里的通缉犯！！,担任,乌尔基,0,通缉犯,16
贝鲁梅伯参加顶上战争,参与,贝鲁梅伯,0,顶上战争,6
夏洛特•罗拉成为可可亚岛的巧克力大臣,担任,夏洛特•罗拉,0,巧克力大臣,13
卡莉法潜入卡雷拉公司、成为冰山的秘书,属于,冰山,13,卡雷拉公司,5
韦帕加入神之护卫队,加入,韦帕,0,神之护卫队,4
枭（猫头鹰）被世界政府追捕，逃往圣波布拉,到过,枭（猫头鹰）,0,圣波布拉,16
枭（猫头鹰）和加布拉、隈取一同执行了上述的计划,遇见,枭（猫头鹰）,0,加布拉,7
克比升为上士,担任,克比,0,上士,4
毕普利·露露与巴利等人一起完成了2号海上列车的建造,建造,毕普利·露露,0,2号海上列车,16
波特卡斯•D•艾斯成立黑桃海贼团,创建,波特卡斯•D•艾斯,0,黑桃海贼团,11
波雅•桑达索尼娅将路飞送至香波地群岛,到过,路飞,9,香波地群岛,13
莎德利和艾尼路一起袭击Skypea,到过,艾尼路,4,Skypea,11
吉萨斯·巴杰斯闯入顶上战争，参与杀害“白胡子”,战斗,吉萨斯·巴杰斯,0,白胡子,19
欧姆在“神域岛”上的淘汰战中被索隆打败,参与,欧姆,0,“神域岛”上的淘汰战,3
罗罗诺亚·索隆在阿拉巴斯坦击败达兹，悬赏金6千万贝里,战斗,罗罗诺亚·索隆,0,达兹,15
托尼托尼·乔巴与西尔尔克相遇,遇见,托尼托尼·乔巴,0,西尔尔克,8
杰姆（Mr.5）和Miss.黄金周一起救出原来的伙伴,遇见,杰姆（Mr.5）,0,Miss.黄金周,9
爱莎在“神之岛”生存战中与路飞共同行动,参与,路飞,13,“神之岛”生存战,3
佩罗娜和索隆一起借住在米霍克的城堡里,遇见,佩罗娜,0,索隆,4
克罗马利蒙因为黑胡子海贼团的袭击，逃亡海外,遇见,克罗马利蒙,0,黑胡子海贼团,7
奥兹被放入路飞的影子，作为僵尸复活,遇见,奥兹,0,路飞,5
克洛克达尔从推进城越狱，参加顶上战争,参与,克洛克达尔,0,顶上战争,14
娜美在“东海”欧伊科特王国被贝尔梅尔捡到,到过,娜美,0,东海,4
甚平辞去太阳海贼团•船长一职，明确表明加入“草帽一伙”,辞任,甚平,0,船长,10
西格来到玛琪诺的酒吧,遇见,西格,0,玛琪诺,4
赞拜在卡雷拉公司做御用组合的工作,属于,赞拜,0,卡雷拉公司,3
恶龙败给“草帽一伙”，恶龙乐园被摧毁,战斗,恶龙,0,草帽一伙,5
波雅•玛丽戈尔德受到雷利、夏琪和咋婆婆的保护,遇见,雷利,10,夏琪,13
麦哲伦成为因佩尔大监狱的副署长,担任,麦哲伦,0,副署长,12
贝布 (Mr.4) 和拉苏在Miss黄金周他们的帮助下逃出海军拘留所,到过,贝布 (Mr.4) 和拉苏,0,海军拘留所,29
杰姆（Mr.5）在休假岛遇到缇娜「追捕残党」,到过,缇娜,14,休假岛,9
加布拉被世界政府追捕，逃往圣波布拉,战斗,加布拉,0,世界政府,4
安布里奥•伊万科夫被抓进因佩尔大监狱,到过,安布里奥•伊万科夫,0,因佩尔大监狱,12
波雅•汉库克参战顶上战争,参与,波雅•汉库克,0,顶上战争,8
甚平成为太阳海贼团船长,领导,甚平,0,太阳海贼团,4
齐蒙尼和“草帽一伙”一同去往司法岛,遇见,齐蒙尼,0,草帽一伙,5
乌索普乌索普海贼团解散，加入”草帽一伙”,加入,乌索普,0,草帽一伙,15
拉布在双子岬和库洛卡斯相遇,到过,库洛卡斯,7,双子岬,3
贝鲁梅伯第一次被父亲·蒙卡殴打,父亲,贝鲁梅伯,0,蒙卡,11
查尔罗斯圣被路飞打飞,战斗,查尔罗斯圣,0,路飞,6
蒙布朗·库利凯抵达加雅，开始深海探索,到过,蒙布朗·库利凯,0,加雅,9
哈雷达斯支援“草帽一伙”再次起航,遇见,哈雷达斯,0,草帽一伙,7
哥尔·D·罗杰在罗格镇被处刑,到过,哥尔·D·罗杰,0,罗格镇,8
T骨负责“世界会议”的护卫工作而被召集至玛丽乔亚,参与,T骨,0,世界会议,5
凯米在人口贩卖店被拍卖,遇见,凯米,0,人口贩卖店,3
本萨姆（Mr.2·冯·克雷）成为巴洛克工作室高级特务,属于,本萨姆（Mr.2·冯·克雷）,0,巴洛克工作室,16
维多利亚•辛朵莉尸体被霍古巴克盗走，做成“傀儡木偶”,遇见,维多利亚•辛朵莉,0,霍古巴克,11
欧姆成为艾尼路的部下,部下,艾尼路,4,欧姆,0
佩罗娜成为动物僵尸•吓人僵尸的指挥官,领导,佩罗娜,0,动物僵尸,5
多尔顿同去参加“世界会议”，遇到了薇薇,遇见,多尔顿,0,薇薇,17
芬布迪和赞高一起再次加入缇娜率领的黑槛部队,加入,赞高,4,黑槛部队,17
布鲁诺将弗兰奇和罗宾押送至司法岛,遇见,布鲁诺,0,罗宾,8
啾在鱼人岛度过童年时代,到过,啾,0,鱼人岛,2
卡马奇力加入神之护卫队,加入,卡马奇力,0,神之护卫队,6
斯潘达姆就任CP5主管,担任,斯潘达姆,0,主管,9
卡莉法将弗兰奇和罗宾押送至司法岛,到过,弗兰奇,4,司法岛,13
贝波来到“北海”飞燕岛,到过,贝波,0,飞燕岛,8
亚马逊艾尼路占领空岛,到过,艾尼路,3,空岛,8
爱莎出生于山迪亚的村庄（这里的Before09和下面的Before09应该改成Before11，官方可能出错了）,出生地,爱莎,0,山迪亚,5
欧伊莫被海军逮捕，成为司法岛的守门人,到过,欧伊莫,0,司法岛,11
战桃丸成为正式海军,属于,战桃丸,0,海军,7
和平主义者20多台“试作品”投入顶上战争,参与,和平主义者,0,顶上战争,16
战桃丸未能抓捕到重新集结的“草帽一伙”,战斗,战桃丸,0,草帽一伙,14
阿布萨罗姆和霍古巴克一同救出莫利亚,遇见,阿布萨罗姆,0,霍古巴克,6
治五郎得到索隆的影子复活,遇见,治五郎,0,索隆,5
罗布·路奇败于路飞,战斗,罗布·路奇,0,路飞,7
帕帕古和小八一起在章鱼烧店工作,遇见,帕帕古,0,小八,4
克罗马利蒙在磁鼓岛之战败于“草帽一伙”,到过,克罗马利蒙,0,磁鼓岛,6
卡彭·贝基支配“西海”的地下社会,到过,卡彭·贝基,0,西海,8
贝波和罗，夏其，佩金相遇,遇见,贝波,0,夏其,5
阿布萨罗姆接受霍古巴克的改造手术,遇见,阿布萨罗姆,0,霍古巴克,7
迪巴鲁在香波地群岛死守桑尼号,到过,迪巴鲁,0,香波地群岛,4
马歇尔·D·蒂奇在巴那罗岛抓到艾斯，成为“王下七武海”,到过,马歇尔·D·蒂奇,0,巴那罗岛,9
杰利在空手道岛成为拳击冠军,担任,杰利,0,拳击冠军,9
乌尔基降落到青海，成为海贼,担任,乌尔基,0,海贼,11
贝拉米在德雷斯罗萨再度和路飞战斗，被击败,到过,路飞,12,德雷斯罗萨,4
卡库成为CP9的谍报成员,担任,卡库,0,谍报成员,8
哈格瓦尔•D•萨乌罗漂流到“西海”的奥哈拉，与罗宾相遇,遇见,哈格瓦尔•D•萨乌罗,0,罗宾,23
鼯鼠成为海军本部中将,属于,鼯鼠,0,海军本部,4
本萨姆（Mr.2·冯·克雷）在推进城和人妖王伊万科夫相遇,到过,本萨姆（Mr.2·冯·克雷）,0,推进城,15
拉菲特成为黑胡子海贼团五号船的船长,担任,拉菲特,0,船长,15
猩猩七、八年前拜访库利凯的居所,遇见,猩猩,0,库利凯,9
贝波在“新世界”佐乌出生,出生地,贝波,0,佐乌,8
布鲁诺成为CP9的谍报成员,属于,布鲁诺,0,CP9,5
佩罗娜和索隆一起借住在米霍克的城堡里,到过,佩罗娜,0,米霍克的城堡,11
蒙奇·D·卡普露玖死后将艾斯托付给达旦养育,遇见,蒙奇·D·卡普,0,露玖,7
唐吉诃德•多弗朗明哥作为天龙人在圣地玛丽乔亚出生,出生地,唐吉诃德•多弗朗明哥,0,圣地玛丽乔亚,16
蒙布朗·诺兰度带领卢布尼尔国王再度拜访加亚岛,到过,蒙布朗·诺兰度,0,加亚岛,19
巴里就任卡雷拉公司一号船坞的“索具、船帆”职长,属于,巴里,0,卡雷拉公司一号船坞,4
芬布迪在巴拉蒂餐厅受到山治的攻击,战斗,芬布迪,0,山治,11
帕帕古成为Criminal Brand公司的社长兼设计师,领导,帕帕古,0,Criminal Brand公司,5
罗罗诺亚·索隆在威士忌峰打赏金猎人，百人斩,到过,罗罗诺亚·索隆,0,威士忌峰,8
欧姆在“神域岛”上的淘汰战中被索隆打败,参与,索隆,15,“神域岛”上的淘汰战,3
查尔罗斯圣迎接玛丽为“第13夫人”,夫妻,查尔罗斯圣,0,玛丽,7
本·贝克曼成为红发海贼团副船长,属于,本·贝克曼,0,红发海贼团,7
布鲁克作为船上的音乐家和剑士加入伦巴海贼团,担任,布鲁克,0,剑士,12
马尔科和香克斯一起吊唁白胡子和艾斯,遇见,香克斯,4,白胡子,11
赞高加入海军,加入,赞高,0,海军,4
库洛卡斯成为双子岬的灯塔管理员,到过,库洛卡斯,0,双子岬,6
猩猩遇到路飞等人,遇见,猩猩,0,路飞,4
克洛克达尔巴洛克工作室解散，被剥除“王下七武海”名号,离开,克洛克达尔,0,王下七武海,18
多萝菲（Miss.圣诞快乐）成为巴洛克工作室高级特务,属于,多萝菲（Miss.圣诞快乐）,0,巴洛克工作室,16
蒙布朗·诺兰度漂流到加亚岛，将岛屿从“树热”中拯救出来(*“四百年前”为估算),到过,蒙布朗·诺兰度,0,加亚岛,10
拉布在双子岬和库洛卡斯相遇,遇见,拉布,0,库洛卡斯,7
爱莎在“神之岛”生存战中与路飞共同行动,遇见,爱莎,0,路飞,13
瓦波尔回到磁鼓岛，被路飞打飞,到过,瓦波尔,0,磁鼓岛,5
战桃丸就任海军本部科学部队队长,担任,战桃丸,0,科学部队队长,9
战国与柯拉松相遇，将其养育成海军,属于,战国,0,海军,14
偎取成为CP9谍报成员,担任,偎取,0,谍报成员,7
缇娜在休假岛抓获Mr. 2和Mr. 3,到过,Mr. 3,14,休假岛,3
波雅•玛丽戈尔德受到雷利、夏琪和咋婆婆的保护,遇见,波雅•玛丽戈尔德,0,夏琪,13
战桃丸率领和平主义者参战顶上战争,参与,和平主义者,5,顶上战争,12
战桃丸在香波地群岛迎击“草帽一伙”,战斗,战桃丸,0,草帽一伙,12
卡库成为CP9的谍报成员,属于,卡库,0,CP9,4
萨奇斯加入多弗朗明哥旗下,加入,萨奇斯,0,多弗朗明哥旗下,5
冰山建立卡雷拉公司,创建,冰山,0,卡雷拉公司,4
啾退出太阳海贼团，所属于恶龙派阀,离开,啾,0,太阳海贼团,3
唐吉诃德•多弗朗明哥威胁世界政府，加入王下七武海,加入,唐吉诃德•多弗朗明哥,0,王下七武海,19
霍古巴克逃出恐怖三桅帆船,到过,霍古巴克,0,恐怖三桅帆船,6
山姆加入黑猫海贼团,加入,山姆,0,黑猫海贼团,4
贝尔梅尔带着娜美和诺琪高一起回到故乡,遇见,贝尔梅尔,0,诺琪高,9
阿健抱着必死的决心挑战恶龙一伙,战斗,阿健,0,恶龙一伙,11
贝拉米海贼生涯歇业，走上染匠之路,担任,贝拉米,0,海贼,3
玛莉安（Miss.黄金周）成为巴洛克工作室高级特务,属于,玛莉安（Miss.黄金周）,0,巴洛克工作室,15
卡库被世界政府追捕，逃往圣波布拉,战斗,卡库,0,世界政府,3
瓦波尔回到磁鼓岛，被路飞打飞,到过,路飞,10,磁鼓岛,5
蒙奇·D·卡普被罗杰托付了艾斯,遇见,蒙奇·D·卡普,0,艾斯,13
艾尼路在“无限的大地”上建立起了艾尼路军团,到过,艾尼路,0,无限的大地,5
Dr.古蕾娃收下乔巴为弟子,老师,乔巴,8,Dr.古蕾娃,0
柯妮丝艾尼路占领空岛,到过,艾尼路,3,空岛,8
啾被“草帽一伙”打败，恶龙公园崩毁,到过,啾,0,恶龙公园,11
波雅•玛丽戈尔德败于路飞,战斗,波雅•玛丽戈尔德,0,路飞,10
查多罗斯•希格利格斯向海军自首并开始治疗,遇见,查多罗斯•希格利格斯,0,海军,11
可可罗协助汤姆建造罗杰海贼团的船,建造,可可罗,0,罗杰海贼团的船,9
希留成为黑胡子海贼团第二队队长,担任,希留,0,队长,13
葛达茨在“神域岛”上的淘汰战中被乔巴打败,参与,葛达茨,0,“神域岛”上的淘汰战,4
贝布 (Mr.4) 和拉苏和原BW的同伴开了新蜘蛛人咖啡厅,创建,贝布 (Mr.4) 和拉苏,0,新蜘蛛人咖啡厅,22
柯妮丝和兰琪一起开办南瓜咖啡厅,创建,兰琪,4,南瓜咖啡厅,10
东利在小花园开始与布洛基的决斗,到过,布洛基,9,小花园,3
克罗欧比退出太阳海贼团，所属于恶龙派阀,离开,克罗欧比,0,太阳海贼团,6
寇沙任命薇薇为“砂砂团”的副首领,属于,薇薇,4,砂砂团,8
弗兰奇回到Water Seven,到过,弗兰奇,0,Water Seven,5
泰尔斯通与巴利等人一起完成了2号海上列车的建造,建造,巴利,5,2号海上列车,14
乔拉可尔·米霍克在顶上战争参战,参与,乔拉可尔·米霍克,0,顶上战争,9
布洛基在小花园开始与东利的决斗,到过,布洛基,0,小花园,4
汤姆将弗兰奇收为弟子,老师,弗兰奇,3,汤姆,0
加尔帝诺（Mr.3）逃出阿拉巴斯坦却又被缇娜逮捕,到过,加尔帝诺（Mr.3）,0,阿拉巴斯坦,12
查多罗斯•希格利格斯通过罗的能力获得鳄鱼的脚,遇见,查多罗斯•希格利格斯,0,罗,12
库赞赌上元帅之位与萨卡斯基决斗，战败,战斗,库赞,0,萨卡斯基,9
T骨参战顶上战争,参与,T骨,0,顶上战争,4
哲夫给山治送行,遇见,哲夫,0,山治,3
汤姆将冰山收为弟子,老师,冰山,3,汤姆,0
伊卡莱姆随同寇布拉•薇薇参加“世界会议”,参与,伊卡莱姆,0,世界会议,15
巴基与女海贼·亚尔丽塔组成同盟,同盟,巴基,0,亚尔丽塔,7
贝布 (Mr.4) 和拉苏成为BW高级特务,属于,贝布 (Mr.4) 和拉苏,0,BW,15
卡特琳娜•戴彭因为蒂奇而从因佩尔越狱,到过,蒂奇,9,因佩尔,13
寇沙任命薇薇为“砂砂团”的副首领,属于,寇沙,0,砂砂团,8
哞哞遇见卡里布等人,遇见,哞哞,0,卡里布,4
派葛亚和“草帽一伙”相遇,遇见,派葛亚,0,草帽一伙,5
帕帕古被小八援救,遇见,帕帕古,0,小八,4
达斯琪开始管理G-5，之后升任上校,担任,达斯琪,0,上校,15
可可罗因为仰慕汤姆而从鱼人岛来到Water Seven,遇见,可可罗,0,汤姆,7
巴基从因佩尔当越狱,到过,巴基,0,因佩尔当,3
蒙布朗·诺兰度造访格林比特，拯救咚塔塔一族(*“四百年前”为估算),遇见,蒙布朗·诺兰度,0,咚塔塔一族,16
偎取成为CP9谍报成员,属于,偎取,0,CP9,4
强尼为了追回娜美和索隆•乌索普一同前往恶龙公园,遇见,强尼,0,索隆,9
查尔罗斯圣迎接玛丽为“第13夫人”,担任,玛丽,7,第13夫人,11
爱德华•纽盖特在“伟大航路”的斯芬克斯出生,出生地,爱德华•纽盖特,0,斯芬克斯,15
杰利在海列车中与山治交战，战败,战斗,杰利,0,山治,8
哈雷达斯教给娜美“新世界”的气候,老师,娜美,6,哈雷达斯,0
加布拉败于山治,战斗,加布拉,0,山治,5
布奇升为黑猫海贼团干部,属于,布奇,0,黑猫海贼团,4
摩兹送别弗兰奇,遇见,摩兹,0,弗兰奇,4
尤斯塔斯·基德在“南海”出生,出生地,尤斯塔斯·基德,0,南海,9
库洛卡斯作为罗杰海贼团的船医随行,属于,库洛卡斯,0,罗杰海贼团,6
摩兹与“草帽一伙”突击司法岛,遇见,摩兹,0,草帽一伙,4
吉萨斯·巴杰斯成为黑胡子海贼团一号船的船长,担任,吉萨斯·巴杰斯,0,船长,19
卡彭·贝基对陆地感到厌倦，成立火焰坦克海贼团,创建,卡彭·贝基,0,火焰坦克海贼团,15
蒙布朗·诺兰度第三次出海前往“伟大航路”(*“四百年前”为估算),到过,蒙布朗·诺兰度,0,伟大航路,15
强尼组成赏金猎人组合“约瑟夫和强尼”,属于,强尼,0,赏金猎人,4
可可罗遇见“草帽一伙”,遇见,可可罗,0,草帽一伙,6
约瑟夫和索隆重逢，一同前往巴拉蒂,到过,索隆,4,巴拉蒂,13
波雅•汉库克成为九蛇海贼团的船长，加盟“王下七武海”,加入,波雅•汉库克,0,王下七武海,20
波特卡斯•D•艾斯寄养到科尔博山的达旦一家,到过,波特卡斯•D•艾斯,0,科尔博山,12
布鲁克与拉布离别,遇见,布鲁克,0,拉布,4
波雅•桑达索尼娅受到雷利、夏琪和咋婆婆的保护,遇见,波雅•桑达索尼娅,0,雷利,10
马歇尔·D·蒂奇在加亚岛遇到路飞,到过,马歇尔·D·蒂奇,0,加亚岛,9
巴里出生在Water Seven,出生地,巴里,0,Water Seven,5
哈雷达斯和娜美相遇,遇见,哈雷达斯,0,娜美,5
Dr.西尔尔克移居旧磁鼓王国,到过,Dr.西尔尔克,0,旧磁鼓王国,9
鼯鼠就任海军GL第1支部（G1）的基地长,领导,鼯鼠,0,海军GL第1支部（G1）,4
佩罗娜成为动物僵尸•吓人僵尸的指挥官,领导,佩罗娜,0,吓人僵尸,10
波雅•汉库克把负伤的路飞藏匿在女儿岛,到过,波雅•汉库克,0,女儿岛,15
夏琪（芍姨）送行即将前往鱼人岛的“草帽一伙”,遇见,夏琪（芍姨）,0,草帽一伙,17
达兹·波尼斯 (Mr.1)从因佩尔大监狱越狱，参战顶上战争,参与,达兹·波尼斯 (Mr.1),0,顶上战争,25
甚平辞去太阳海贼团•船长一职，明确表明加入“草帽一伙”,加入,甚平,0,草帽一伙,22
布鲁诺将弗兰奇和罗宾押送至司法岛,到过,罗宾,8,司法岛,13
奥兹尸体在冰之国被莫利亚回收,到过,奥兹,0,冰之国,5
芬布迪和赞高一起再次加入缇娜率领的黑槛部队,加入,芬布迪,0,黑槛部队,17
蒙奇·D·卡普参加“世界会议”，护卫龙宫王国的一行人,参与,蒙奇·D·卡普,0,世界会议,10
啾被“草帽一伙”打败，恶龙公园崩毁,战斗,啾,0,草帽一伙,3
葛达茨在“神域岛”上的淘汰战中被乔巴打败,战斗,葛达茨,0,乔巴,16
强尼为了追回娜美和索隆•乌索普一同前往恶龙公园,到过,娜美,6,恶龙公园,19
雅玛被罗宾打败后淘汰,战斗,雅玛,0,罗宾,3
夏洛特•罗拉成立翻滚海贼团,创建,夏洛特•罗拉,0,翻滚海贼团,8
米琪塔（Miss.情人节）和原巴洛克工作室的伙伴们一起开了新蜘蛛人咖啡店,属于,米琪塔（Miss.情人节）,0,巴洛克工作室,15
冰山和弗兰奇等人一同建造桑尼号,建造,冰山,0,桑尼号,12
蒙卡加入海军,加入,蒙卡,0,海军,4
布鲁克加入伦巴海贼团,加入,布鲁克,0,伦巴海贼团,5
雅索普在风车村停泊,到过,雅索普,0,风车村,4
甚平加入BIG MOM海贼团麾下,加入,甚平,0,BIG MOM海贼团,4
奥兹尸体在冰之国被莫利亚回收,到过,莫利亚,9,冰之国,5
修罗败于韦柏，在“神之岛”生存战中战败,参与,修罗,0,“神之岛”生存战,8
小八败于“草帽一伙”，恶龙公园覆灭,战斗,小八,0,草帽一伙,5
哈格瓦尔•D•萨乌罗帮助奥尔维压逃狱，自己也从海军逃走,遇见,哈格瓦尔•D•萨乌罗,0,奥尔维压,12
加卡去泡了糊涂温泉,到过,加卡,0,糊涂温泉,5
打碟音·阿普成为悬赏1亿9800万贝里的通缉犯,担任,打碟音·阿普,0,通缉犯,20
乌索普在七水之都一度退出草帽一伙,离开,乌索普,0,草帽一伙,12
雅索普在西罗布村与香克斯相遇,遇见,雅索普,0,香克斯,9
贝鲁梅伯顺带跟克比一起加入海军,遇见,贝鲁梅伯,0,克比,7
波特卡斯•D•艾斯寄养到科尔博山的达旦一家,遇见,波特卡斯•D•艾斯,0,达旦一家,17
龙马出生于和之国“铃后”,出生地,龙马,0,和之国,5
甚平退出王下七武海，在顶上战争中支援白胡子海贼团,参与,甚平,0,顶上战争,11
鹤和卡普、战国等人同时期加入海军,加入,战国,5,海军,14
弗兰奇在庞克哈萨德击败Baby 5和巴法罗,遇见,Baby 5,11,巴法罗,18
克比加入海军，打杂,担任,克比,0,打杂,7
罗罗诺亚·索隆进入霜月村的一心道场,加入,罗罗诺亚·索隆,0,一心道场,13
库赞见证奥哈拉的毁灭、让妮可·罗宾逃跑,遇见,库赞,0,妮可·罗宾,12
酋长向韦帕等人述说罗兰度和卡尔加拉的传承,遇见,酋长,0,韦帕,3
巴吉尔·霍金斯与基德、阿普结成海贼同盟,同盟,巴吉尔·霍金斯,0,阿普,11
圣胡安•恶狼参战顶上战争,参与,圣胡安•恶狼,0,顶上战争,8
贝尔加入阿拉巴斯坦王国护卫队,加入,贝尔,0,阿拉巴斯坦王国护卫队,4
波雅•汉库克协助路飞侵入因佩尔大监狱,到过,波雅•汉库克,0,因佩尔大监狱,12
卡莉法将弗兰奇和罗宾押送至司法岛,到过,卡莉法,0,司法岛,13
卡尔加拉遇见蒙布朗•罗兰度(*「400年前」是约数),遇见,卡尔加拉,0,蒙布朗•罗兰度,6
多萝菲（Miss.圣诞快乐）在Miss.黄金周等人的帮助下，从海军拘留所逃出,遇见,多萝菲（Miss.圣诞快乐）,0,Miss.黄金周,15
哈格瓦尔•D•萨乌罗让罗宾逃走，被库赞讨伐,遇见,哈格瓦尔•D•萨乌罗,0,罗宾,11
吉萨斯·巴杰斯闯入顶上战争，参与杀害“白胡子”,参与,吉萨斯·巴杰斯,0,顶上战争,9
查多罗斯•希格利格斯漂流到庞克哈萨德,到过,查多罗斯•希格利格斯,0,庞克哈萨德,13
贝拉米海贼生涯歇业，走上染匠之路,担任,贝拉米,0,染匠,12
齐蒙尼遇到“草帽一伙”,加入,齐蒙尼,0,草帽一伙,6
打碟音·阿普和黄猿交手,战斗,打碟音·阿普,0,黄猿,7
哥尔·D·罗杰称霸“伟大航路”（Grand Line）,到过,哥尔·D·罗杰,0,伟大航路,10
泰尔斯通进入卡雷拉公司,加入,泰尔斯通,0,卡雷拉公司,6
马尔科在了断之战中败于黑胡子海贼团,参与,马尔科,0,了断之战,4
山治担任海上餐厅”芭拉蒂”的副厨师长,担任,山治,0,副厨师长,14
米琪塔（Miss.情人节）在休假岛遇到缇娜「追捕残党」,到过,缇娜,19,休假岛,14
唐吉诃德•多弗朗明哥成为线线果实的能力者，杀害父亲霍名古圣,父亲,唐吉诃德•多弗朗明哥,0,霍名古圣,25
波雅•桑达索尼娅和雷利再会,遇见,波雅•桑达索尼娅,0,雷利,9
卡巴吉与巴基汇合,遇见,卡巴吉,0,巴基,4
马尔科驻留于白胡子的故乡斯芬克斯,到过,白胡子,6,斯芬克斯,12
马歇尔·D·蒂奇结成黑胡子海贼团,创建,马歇尔·D·蒂奇,0,黑胡子海贼团,10
维多利亚•辛朵莉尸体被霍古巴克盗走，做成“傀儡木偶”,担任,维多利亚•辛朵莉,0,傀儡木偶,21
捷宝和甘•福尔交涉决裂,遇见,捷宝,0,甘•福尔,3
鹤负责护送多弗朗明戈,遇见,鹤,0,多弗朗明戈,5
杰姆（Mr.5）成为巴洛克工作室高级特务,担任,杰姆（Mr.5）,0,高级特务,16
芬布迪就任海军本部大尉,属于,芬布迪,0,海军本部,5
加卡指挥国王军迎击叛乱军,创建,加卡,0,国王军,4
巴索罗缪•熊获得王下七武海的称号,属于,巴索罗缪•熊,0,王下七武海,8
葛达茨和艾尼路他们一起袭击Skypea,遇见,葛达茨,0,艾尼路,4
乔拉可尔·米霍克为修炼剑术而四处游历，与红发激烈交锋,战斗,乔拉可尔·米霍克,0,红发,20
乔艾莉·波妮败于黑胡子，被萨卡斯基抓捕,遇见,黑胡子,8,萨卡斯基,13
青椒把八宝水军栋梁的位置让给老蔡后隐居,担任,老蔡,14,栋梁,7
马尔科和香克斯一起吊唁白胡子和艾斯,遇见,白胡子,11,艾斯,15
唐吉诃德•多弗朗明哥与路飞、罗交战落败,战斗,唐吉诃德•多弗朗明哥,0,路飞,11
卡彭·贝基与戚风结婚，令其怀上贝茨,父亲,贝茨,15,卡彭·贝基,0
哲夫在”伟大航路”航行一年后活着回来,到过,哲夫,0,伟大航路,4
弗兰奇在巴尔基摩亚开始制造,到过,弗兰奇,0,巴尔基摩亚,4
月光•莫利亚顶上战争结束后，被从“七武海”中除名,离开,月光•莫利亚,0,七武海,17
托尼托尼·乔巴德雷斯罗萨的骚动过后，悬赏金涨至100贝里！,到过,托尼托尼·乔巴,0,德雷斯罗萨,7
冰山被推选为Water Seven的市长,担任,冰山,0,市长,18
霍古巴克让辛朵莉作为僵尸复活,担任,辛朵莉,5,僵尸,10
布鲁诺成为CP9的谍报成员,担任,布鲁诺,0,谍报成员,9
克洛克达尔和罗宾联手，目标为“冥王”,遇见,克洛克达尔,0,罗宾,6
缇娜将赞高和芬布迪收为部下,部下,缇娜,0,芬布迪,6
库赞参战顶上战争,参与,库赞,0,顶上战争,4
布兰纽升职准将,担任,布兰纽,0,准将,5
缇娜在休假岛抓获Mr. 2和Mr. 3,遇见,缇娜,0,Mr. 3,14
拉基·路参加顶上战争,参与,拉基·路,0,顶上战争,6
夏洛特•罗拉拒绝和洛基结婚，逃出WCI,到过,夏洛特•罗拉,0,WCI,16
小萨蒂就任因佩尔大监狱的狱卒长,到过,小萨蒂,0,因佩尔大监狱,5
基拉成为悬赏1亿6200万贝里的通缉犯,担任,基拉,0,通缉犯,16
奈菲鲁塔莉•寇布拉带着年幼的薇薇出席“世界会议”,参与,奈菲鲁塔莉•寇布拉,0,世界会议,19
老鼠被分配到海军第16支部,属于,老鼠,0,海军第16支部,6
玛格丽特在露斯卡伊那岛为路飞送行,到过,玛格丽特,0,露斯卡伊那岛,5
玛格丽特为路飞说话而被汉库克石化,遇见,路飞,5,汉库克,11
卡尔加拉出生在加雅,出生地,卡尔加拉,0,加雅,7
马歇尔·D·蒂奇在巴那罗岛抓到艾斯，成为“王下七武海”,遇见,马歇尔·D·蒂奇,0,艾斯,15
妮可•奥尔维亚成为考古学家,担任,妮可•奥尔维亚,0,考古学家,9
拉布在双子岬和库洛卡斯相遇,到过,拉布,0,双子岬,3
哈格瓦尔•D•萨乌罗漂流到“西海”的奥哈拉，与罗宾相遇,到过,罗宾,23,西海,14
布拉哈姆败于索隆,战斗,布拉哈姆,0,索隆,6
马歇尔·D·蒂奇杀害萨奇，夺走暗暗果实后逃走,遇见,马歇尔·D·蒂奇,0,萨奇,10
伊卡莱姆随同寇布拉•薇薇参加“世界会议”,参与,寇布拉•薇薇,6,世界会议,15
X·德雷克退出海军,离开,X·德雷克,0,海军,7
巴里协助建造千阳号,建造,巴里,0,千阳号,6
蒙奇•D•龙作为卡普的儿子而出生,遇见,蒙奇•D•龙,0,卡普,8
战国与柯拉松相遇，将其养育成海军,属于,柯拉松,3,海军,14
鹤在飞燕岛参加对多弗朗明戈的抓捕作战,战斗,鹤,0,多弗朗明戈,8
艾尼路败给路飞,战斗,艾尼路,0,路飞,5
奈菲鲁塔莉•寇布拉妻子蒂蒂亡故,夫妻,奈菲鲁塔莉•寇布拉,0,蒂蒂,11
X·德雷克加入凯多旗下,加入,X·德雷克,0,凯多旗下,7
柯妮丝和“草帽一伙”相遇,遇见,柯妮丝,0,草帽一伙,5
可可罗协助汤姆建造罗杰海贼团的船,建造,汤姆,5,罗杰海贼团的船,9
卡巴吉加入巴基海贼团,加入,卡巴吉,0,巴基海贼团,5
吉萨斯·巴杰斯加入黑胡子海贼团,加入,吉萨斯·巴杰斯,0,黑胡子海贼团,9
圣胡安•恶狼在蒂奇的指引下从因佩尔监狱逃脱,到过,蒂奇,7,因佩尔监狱,14
葛达茨掉到“青海”，遇到了挖洞人五郎,到过,葛达茨,0,青海,6
布鲁诺将弗兰奇和罗宾押送至司法岛,到过,布鲁诺,0,司法岛,13
东利成为“巨兵海贼团”的船长,领导,东利,0,巨兵海贼团,5
青椒就任“八宝水军”第12代栋梁,担任,青椒,0,栋梁,14
修罗败于韦柏，在“神之岛”生存战中战败,战斗,修罗,0,韦柏,4
毕普利·露露与巴利等人一起完成了2号海上列车的建造,建造,巴利,7,2号海上列车,16
巴斯克•乔特因为蒂奇而从因佩尔越狱,遇见,巴斯克•乔特,0,蒂奇,8
巴斯卡比尔在司法岛和草帽一伙交战,战斗,巴斯卡比尔,0,草帽一伙,10
卡西加入巨兵海贼团,加入,卡西,0,巨兵海贼团,4
战国与柯拉松相遇，将其养育成海军,遇见,战国,0,柯拉松,3
鼯鼠因交换条件而护送汉库克至因佩尔大监狱,遇见,鼯鼠,0,汉库克,10
达兹·波尼斯 (Mr.1)从因佩尔大监狱越狱，参战顶上战争,到过,达兹·波尼斯 (Mr.1),0,因佩尔大监狱,14
战桃丸就任海军本部科学部队队长,属于,战桃丸,0,海军本部,5
闪电和伊万科夫一起越狱,遇见,闪电,0,伊万科夫,3
瓦波尔即位为磁鼓王国国王,领导,瓦波尔,0,磁鼓王国,6
枭（猫头鹰）CP9全员8人在司法岛集结,到过,枭（猫头鹰）,0,司法岛,14
阿布萨罗姆成为莫利亚的手下,部下,莫利亚,7,阿布萨罗姆,0
基拉成功和霍金斯海贼团，广播海贼团结成同盟,同盟,霍金斯海贼团,5,广播海贼团,12
克罗马利蒙成立医生20，同时狩猎医生,创建,克罗马利蒙,0,医生20,7
战国辞职海军元帅，就任大督察,领导,战国,0,海军,4
范·奥卡闯入顶上战争，参与杀害“白胡子”,参与,范·奥卡,0,顶上战争,6
马尔科驻留于白胡子的故乡斯芬克斯,到过,马尔科,0,斯芬克斯,12
卡彭·贝基加入Big Mom海贼团旗下,加入,卡彭·贝基,0,Big Mom海贼团,7
克罗欧比在鱼人岛度过童年时代,到过,克罗欧比,0,鱼人岛,5
泰尔斯通与巴利等人一起完成了2号海上列车的建造,建造,泰尔斯通,0,2号海上列车,14
赞高在玻璃球岛的舞蹈竞赛中夺冠,到过,赞高,0,玻璃球岛,3
阿巴罗•皮萨罗因为蒂奇而从因佩尔越狱,遇见,阿巴罗•皮萨罗,0,蒂奇,9
玛琪诺获知艾斯的死讯,遇见,玛琪诺,0,艾斯,5
毕普利·露露进入卡雷拉公司,加入,毕普利·露露,0,卡雷拉公司,8
雅玛在“神域岛”与香狄亚人参与了生存淘汰赛,参与,雅玛,0,生存淘汰赛,16
克洛克达尔成立巴洛克工作社,创建,克洛克达尔,0,巴洛克工作社,7
亚尔丽塔吃下滑滑果实,拥有果实,亚尔丽塔,0,滑滑果实,6
加尔帝诺（Mr.3）从因佩尔大监狱越狱，协助路飞营救艾斯,遇见,路飞,22,艾斯,26
和平主义者再次与“草帽一伙”交战，2台“试作品”损坏,战斗,和平主义者,0,草帽一伙,9
萨奇斯在魔谷镇败于路飞等人,战斗,萨奇斯,0,路飞,9
萨鲁戴斯蓝猩猩部队被伊万科夫打败,战斗,伊万科夫,10,蓝猩猩部队,4
加尔帝诺（Mr.3）加入“巴基海贼团”,加入,加尔帝诺（Mr.3）,0,巴基海贼团,13
莎德利被草帽一伙打败,战斗,莎德利,0,草帽一伙,4
加布拉回到冠昊岛,到过,加布拉,0,冠昊岛,5
欧姆和艾尼路他们一起袭击Skypea,到过,艾尼路,3,Skypea,12
乌索普在Water Seven暂时离开”草帽一伙”,离开,乌索普,0,草帽一伙,20
蒙其·D·路飞从蛋糕岛逃脱后，悬赏金涨至15亿贝里！,到过,蒙其·D·路飞,0,蛋糕岛,8
特拉法尔加·罗成为悬赏2亿贝里的通缉犯,担任,特拉法尔加·罗,0,通缉犯,16
卡西回到艾尔巴夫,到过,卡西,0,艾尔巴夫,4
库赞在庞克哈萨德营救了斯摩格,遇见,库赞,0,斯摩格,11
甘·福尔被任命为神,担任,甘·福尔,0,神,8
T骨作为某国的王国骑士而活跃,担任,T骨,0,王国骑士,7
弗兰奇作为船匠加入草帽一伙,加入,弗兰奇,0,草帽一伙,9
尤斯塔斯·基德与阿普和霍金斯一起结成海贼同盟,同盟,尤斯塔斯·基德,0,阿普,8
马歇尔·D·蒂奇袭击推进城，让希流等人成为同伙,遇见,马歇尔·D·蒂奇,0,希流,15
凯米在人鱼咖啡店工作,属于,凯米,0,人鱼咖啡店,3
布兰纽升职少校,担任,布兰纽,0,少校,5
汤姆建造了奥尔•杰克逊号,建造,汤姆,0,奥尔•杰克逊号,5
哞哞去往鱼人岛周边海域,到过,哞哞,0,鱼人岛,4
阿巴罗•皮萨罗被关进因佩尔大监狱,到过,阿巴罗•皮萨罗,0,因佩尔大监狱,10
赞高由流浪舞者转为海贼,担任,赞高,0,海贼,9
克罗欧比加入太阳海贼团,加入,克罗欧比,0,太阳海贼团,6
唐吉诃德•多弗朗明哥结成堂吉诃德海贼团,创建,唐吉诃德•多弗朗明哥,0,堂吉诃德海贼团,12
小八支配“东海”可可亚西村附近一带,到过,小八,0,可可亚西村,8
乔拉可尔·米霍克教授罗罗诺亚·索隆剑术,老师,罗罗诺亚·索隆,10,乔拉可尔·米霍克,0
乌索普在德雷斯罗萨的骚动过后，悬赏金涨至2亿贝里,到过,乌索普,0,德雷斯罗萨,4
克伊娜索隆加入一心道场,加入,索隆,3,一心道场,7
闪电在顶上战争协助路飞,遇见,闪电,0,路飞,9
战国获悉柯拉松的死讯,遇见,战国,0,柯拉松,4
拉菲特袭击因佩尔大监狱,到过,拉菲特,0,因佩尔大监狱,5
战桃丸逮捕冒牌“草帽一伙”,战斗,战桃丸,0,冒牌“草帽一伙”,5
伊卡莱姆请求“草帽一伙”保护薇薇,遇见,伊卡莱姆,0,薇薇,14
布鲁诺被世界政府追捕，逃往圣波布拉,战斗,布鲁诺,0,世界政府,4
波特卡斯•D•艾斯作为罗杰和露玖的孩子而出生,父亲,波特卡斯•D•艾斯,0,罗杰,11
芬布迪和赞高一起再次加入缇娜率领的黑槛部队,遇见,赞高,4,缇娜,12
蒙卡因逮捕C·克洛的功绩而晋升,战斗,蒙卡,0,C·克洛,5
玛莉安（Miss.黄金周）在休假岛遇到缇娜「追捕残党」,到过,玛莉安（Miss.黄金周）,0,休假岛,14
弗兰奇在庞克哈萨德击败Baby 5和巴法罗,战斗,弗兰奇,0,巴法罗,18
强尼为了追回娜美和索隆•乌索普一同前往恶龙公园,到过,索隆,9,恶龙公园,19
布兰纽向战国报告推进城的惨案,遇见,布兰纽,0,战国,4
贝波在“新世界”佐乌出生,出生地,贝波,0,新世界,4
甘·福尔作为“空中骑士”，开始佣兵生涯,担任,甘·福尔,0,佣兵,15
啾支配“东海”可可亚西村附近一带,到过,啾,0,可可亚西村,7
巴斯克•乔特被关进因佩尔大监狱LV6,到过,巴斯克•乔特,0,因佩尔大监狱,9
龙马出生于和之国“铃后”,出生地,龙马,0,铃后,9
甘·福尔作为“空中骑士”，开始佣兵生涯,担任,甘·福尔,0,空中骑士,7
托尼托尼·乔巴成为“草帽一伙”的船医,属于,托尼托尼·乔巴,0,草帽一伙,10
斯库亚德参加顶上战争,参与,斯库亚德,0,顶上战争,6
泰尔斯通成为1号船坞负责细木器、缝帆的领班,担任,泰尔斯通,0,负责细木器、缝帆的领班,10
尤斯塔斯·基德突入“新世界”,到过,尤斯塔斯·基德,0,新世界,10
多尔顿成为磁鼓岛民间护卫团的团长,领导,多尔顿,0,磁鼓岛民间护卫团,5
香克斯在风车村停泊,到过,香克斯,0,风车村,4
冰山和弗兰奇等人一同建造桑尼号,遇见,冰山,0,弗兰奇,3
玛莉安（Miss.黄金周）在休假岛遇到缇娜「追捕残党」,到过,缇娜,19,休假岛,14
米琪塔（Miss.情人节）和原巴洛克工作室的伙伴们一起开了新蜘蛛人咖啡店,创建,米琪塔（Miss.情人节）,0,新蜘蛛人咖啡店,29
卡马奇力参加“神之岛”生存战,参与,卡马奇力,0,“神之岛”生存战,6
克洛克达尔败给白胡子,战斗,克洛克达尔,0,白胡子,7
福克西成为迟缓果实能力者,拥有果实,福克西,0,迟缓果实,5
冰山和弗兰奇等人一同建造桑尼号,建造,弗兰奇,3,桑尼号,12
韦帕和甘•福尔交涉决裂,遇见,韦帕,0,甘•福尔,3
诺琪高在“东海”欧伊科特王国被贝尔梅尔捡到,遇见,诺琪高,0,贝尔梅尔,15
波雅•桑达索尼娅受到雷利、夏琪和咋婆婆的保护,遇见,波雅•桑达索尼娅,0,咋婆婆,16
托尼托尼·乔巴与西尔尔克死别，在朵丽尔医娘门下学习医术,遇见,托尼托尼·乔巴,0,西尔尔克,8
赞拜在卡雷拉公司做御用组合的工作,担任,赞拜,0,御用组合,9
麦哲伦辞去署长一职，降职为副署长,辞任,麦哲伦,0,署长,5
寇沙就任王国环境大臣,担任,寇沙,0,环境大臣,6
拉琪和柯妮斯一起在南瓜咖啡店工作,属于,拉琪,0,南瓜咖啡店,9
布鲁克许下了再次相会的誓言，在双子岬和拉布分别,到过,拉布,19,双子岬,15
寇沙建立反叛军,创建,寇沙,0,反叛军,4
爱莎成为诺拉蹦极的球云配送员,担任,爱莎,0,球云配送员,9
玛琪诺教会路飞等人打招呼的方法,老师,路飞,5,玛琪诺,0
萨卡斯基加入海军,加入,萨卡斯基,0,海军,6
西格以东海为根据地，开始山贼生涯,到过,西格,0,东海,3
青椒参加斗牛竞技场的擂台赛,参与,青椒,0,斗牛竞技场的擂台赛,4
罗罗诺亚·索隆在阿拉巴斯坦击败达兹，悬赏金6千万贝里,到过,罗罗诺亚·索隆,0,阿拉巴斯坦,8
克利克败于路飞和山治,战斗,克利克,0,山治,8
布鲁克被月光•莫利亚夺走影子,遇见,布鲁克,0,月光•莫利亚,4
霍托力和艾尼路他们一起袭击Skypea,到过,霍托力,0,Skypea,13
巴里与“草帽一伙”共同袭击司法岛,遇见,巴里,0,草帽一伙,4
安布里奥•伊万科夫磨炼山治,遇见,安布里奥•伊万科夫,0,山治,11
欧伊莫停留在Water Seven,到过,欧伊莫,0,Water Seven,6
查多罗斯•希格利格斯放弃海贼生涯，成为凯撒的部下,辞任,查多罗斯•希格利格斯,0,海贼,12
香克斯结束了顶上战争,参与,香克斯,0,顶上战争,6
罗布·路奇将弗兰奇和罗宾押送至司法岛,到过,弗兰奇,6,司法岛,15
拉琪和柯妮斯一起在南瓜咖啡店工作,属于,柯妮斯,3,南瓜咖啡店,9
霍托力成为艾尼路的部下,部下,艾尼路,5,霍托力,0
贝尔让薇薇坐在背上，飞舞于黄昏的天空,遇见,贝尔,0,薇薇,3
尤斯塔斯·基德与阿普和霍金斯一起结成海贼同盟,同盟,阿普,8,霍金斯,11
雅索普在西罗布村与香克斯相遇,到过,香克斯,9,西罗布村,4
福克西与路飞对战，败北,遇见,福克西,0,路飞,4
娜美养母贝尔梅尔惨遭杀害,母亲,娜美,0,贝尔梅尔,4
霍托力克托力败给甘•福尔，霍托力败给娜美,遇见,霍托力,13,娜美,18
奈菲鲁塔莉•寇布拉即位阿拉巴斯坦王国国王,担任,奈菲鲁塔莉•寇布拉,0,国王,18
佩罗娜帮助“草帽一伙”在香波地群岛起航,遇见,佩罗娜,0,草帽一伙,6
弗兰奇在庞克哈萨德击败Baby 5和巴法罗,到过,弗兰奇,0,庞克哈萨德,4
萨拉 （Miss. 双手指）成为BW高级特务,加入,萨拉 （Miss. 双手指）,0,BW,16
弗兰奇作为船匠加入草帽一伙,担任,弗兰奇,0,船匠,5
比斯塔担任第5队队长,领导,比斯塔,0,第5队,5
萨拉 （Miss. 双手指）成为新蜘蛛人咖啡厅店主,担任,萨拉 （Miss. 双手指）,0,店主,23
克利克败于路飞和山治,战斗,克利克,0,路飞,5
波雅•桑达索尼娅被人贩子绑架，卖给了天龙人,遇见,波雅•桑达索尼娅,0,天龙人,18
盖蒙和巴基相遇，开起酒宴,遇见,盖蒙,0,巴基,3
蒙其·D·路飞扬起海贼旗，从风车村出海！,到过,蒙其·D·路飞,0,风车村,14
本萨姆（Mr.2·冯·克雷）为了拯救路飞等人，向麦哲伦挑战败北,战斗,本萨姆（Mr.2·冯·克雷）,0,麦哲伦,24
缇娜护送奈菲鲁塔莉家到达“世界会议”,参与,缇娜,0,世界会议,13
罗布·路奇成为CP9的谍报成员,担任,罗布·路奇,0,谍报成员,11
本萨姆（Mr.2·冯·克雷）在推进城和人妖王伊万科夫相遇,到过,人妖王伊万科夫,19,推进城,15
奥兹被放入路飞的影子，作为僵尸复活,担任,奥兹,0,僵尸,13
鼯鼠成为海军本部中将,担任,鼯鼠,0,中将,8
欧姆和艾尼路他们一起袭击Skypea,到过,欧姆,0,Skypea,12
蒙卡被路飞和索隆打败,战斗,蒙卡,0,路飞,3
特拉法尔加·罗吃下“手术果实”，成为能力者,拥有果实,特拉法尔加·罗,0,手术果实,10
范·奥卡成为黑胡子海贼团三号船的船长,担任,范·奥卡,0,船长,16
小八支配“东海”可可亚西村附近一带,到过,小八,0,东海,5
卡西被乌索普告知真相，反叛政府,遇见,卡西,0,乌索普,3
